scrape_date,hash_id,name,locality,district,neighborhood,price_czk,size_m2,rooms,floor,building_type,condition,furnished,elevator,balcony,terrace,energy_rating,ownership,parking,cellar,loggia,heating,apartment_type,note_about_price
2026-02-26,3866452812,Pronájem  pokoje 14 m² (Jednopodlažní),"Na Žertvách, Praha - Libeň",,,12500,14,,2. podlaží,Cihlová,Velmi dobrý,,,,,,Osobní,,,,,Jednopodlažní,
2026-02-26,1727095628,Pronájem bytu 2+kk 68 m² (Jednopodlažní),"Povltavská, Praha 7 - Troja",Praha 7,Troja,38000,68,2+kk,2. podlaží,Cihlová,Velmi dobrý,,,,,,Osobní,1,,,,Jednopodlažní,
2026-02-26,2509726540,Pronájem bytu 2+kk 50 m² (Jednopodlažní),"Limuzská, Praha",,,24700,50,2+kk,3. podlaží,Skeletová,Velmi dobrý,True,True,3,,Třída C - Úsporná č. 264/2020 Sb. podle vyhlášky,Osobní,,,,,Jednopodlažní,"Cena nájmu je 24.700,- a zálohy (pro 2 osoby) jsou celkem 3.850,- (1.200,- elektřina, 1.450,- voda a 1.200,- teplo). 

Možnost internetu za 450,-."
2026-02-26,3849675596,Pronájem bytu 2+kk 45 m² (Jednopodlažní),"Plzeňská, Praha 5 - Košíře",Praha 5,Košíře,25000,45,2+kk,4. podlaží z celkem 6,Cihlová,Velmi dobrý,Částečně,True,2,,Třída D - Méně úsporná č. 264/2020 Sb. podle vyhlášky,Osobní,,,,,Jednopodlažní,
2026-02-26,4200948556,Pronájem bytu 3+kk 88 m²,"Provázkova, Praha 4 - Modřany",Praha 4,Modřany,35000,88,3+kk,1. podlaží z celkem 4 včetně 1 podzemního,Cihlová,Novostavba,True,True,,17,Třída B - Velmi úsporná č. 264/2020 Sb. podle vyhlášky,Osobní,True,3,,,,"+ 4.400, Kč (služby a zálohově el. energie)"
2026-02-26,459629388,Pronájem bytu 1+1 38 m²,"Wuchterlova, Praha 6 - Dejvice",Praha 6,Dejvice,21990,38,1+1,1. podlaží z celkem 4 včetně 1 podzemního,Cihlová,Velmi dobrý,True,,,,Třída E - Nehospodárná č. 148/2007 Sb. podle vyhlášky,Osobní,,,,,,
2026-02-26,3680854860,Pronájem bytu 1+kk 37 m²,"Stočesova, Praha 6 - Ruzyně",Praha 6,Ruzyně,19000,37,1+kk,1. podlaží z celkem 6 včetně 1 podzemního,Cihlová,Novostavba,,True,,5,Třída B - Velmi úsporná č. 264/2020 Sb. podle vyhlášky,Družstevní,1,3,,Ústřední plynové,,Poplatky: 3.600 Kč + elektřina převodem na nájemníka
2026-02-26,2137350988,Pronájem bytu 1+kk 22 m²,"Marie Cibulkové, Praha 4 - Nusle",Praha 4,Nusle,15000,22,1+kk,2. podlaží,Cihlová,Velmi dobrý,,,,,,Osobní,,,,,,
2026-02-26,1804624716,Pronájem bytu 1+kk 22 m²,"Lužická, Praha - Vinohrady",,,21000,22,1+kk,1. podlaží,Cihlová,Dobrý,True,,,,Třída D - Méně úsporná,Osobní,,,,,,
2026-02-26,3177538380,Pronájem bytu 4+kk 112 m² (Jednopodlažní),"Litoměřická, Praha",,,45500,112,4+kk,9. podlaží,Smíšená,Novostavba,,,True,,,Osobní,,,True,,Jednopodlažní,
2026-02-26,56976204,Pronájem bytu 2+kk 57 m² (Jednopodlažní),"Bubenečská, Praha 6 - Bubeneč",Praha 6,Bubeneč,18000,57,2+kk,4. podlaží z celkem 6 včetně 5 podzemních,Cihlová,Velmi dobrý,Částečně,True,,,,Osobní,,,,,Jednopodlažní,
2026-02-26,2959434572,Pronájem bytu 4+1 160 m²,"Anny Letenské, Praha 2 - Vinohrady",Praha 2,Vinohrady,62500,160,4+1,3. podlaží z celkem 5,Smíšená,Velmi dobrý,False,True,,,Třída G - Mimořádně nehospodárná,Osobní,,,,,,"+ služby a poplatky, kauce 2 nájmy, provize RK"
2026-02-26,4085736268,Pronájem bytu 2+1 60 m²,"Písecká, Praha 3 - Vinohrady",Praha 3,Vinohrady,22000,60,2+1,5. podlaží,Cihlová,Velmi dobrý,True,True,,,,Osobní,,,,,,"+ 5000,- služby i energie včetně el."
2026-02-26,4133839692,Pronájem  pokoje 20 m² (Mezonet),"Petržílkova, Praha 5 - Stodůlky",Praha 5,Stodůlky,10000,20,,7. podlaží,Cihlová,Velmi dobrý,,,,,,Osobní,,,,,Mezonet,
2026-02-26,797991756,Pronájem bytu 2+kk 43 m² (Jednopodlažní),"Cimburkova, Praha 3 - Žižkov",Praha 3,Žižkov,27000,43,2+kk,4. podlaží,Cihlová,Po rekonstrukci,,,,,,Osobní,,,,,Jednopodlažní,
2026-02-26,2375050060,Pronájem bytu 1+kk 33 m² (Jednopodlažní),"Jaromírova, Praha 2 - Nusle",Praha 2,Nusle,20000,33,1+kk,přízemí,Cihlová,Po rekonstrukci,,,,18,,Osobní,,,,,Jednopodlažní,
2026-02-26,895837004,Pronájem bytu 2+kk 47 m²,"V Šáreckém údolí, Praha 6 - Dejvice",Praha 6,Dejvice,24000,47,2+kk,1. podlaží z celkem 5,Cihlová,Velmi dobrý,True,,,40,Třída C - Úsporná č. 78/2013 Sb. podle vyhlášky,Osobní,,,,,,"+ provize RK, včetně právního servisu"
2026-02-26,90530636,Pronájem  pokoje 30 m²,"Šárecká, Praha 6 - Dejvice",Praha 6,Dejvice,12900,30,,2. podlaží z celkem 2 včetně 1 podzemního,Cihlová,Velmi dobrý,,,,10,Třída C - Úsporná,Osobní,,5,,,,včetně poplatku a služeb + kauce 19k
2026-02-26,1486250828,Pronájem bytu 1+kk 37 m²,"Malešická, Praha 3 - Žižkov",Praha 3,Žižkov,7200,37,1+kk,5. podlaží z celkem 6 včetně 1 podzemního,Cihlová,Po rekonstrukci,,True,,11,Třída E - Nehospodárná č. 78/2013 Sb. podle vyhlášky,Státní/obecní,,2,,,,Vyvolávací cena v internetové aukci
2026-02-26,4170605388,Pronájem bytu 1+kk 27 m²,"Soběslavská, Praha 3 - Vinohrady",Praha 3,Vinohrady,4100,27,1+kk,1. podlaží z celkem 5 včetně 1 podzemního,Cihlová,Po rekonstrukci,False,,,,Třída G - Mimořádně nehospodárná,Státní/obecní,,,,,,Vyvolávací cena v internetové aukci
2026-02-26,429286220,Pronájem bytu 2+1 59 m²,"Kouřimská, Praha 3 - Vinohrady",Praha 3,Vinohrady,9300,59,2+1,5. podlaží z celkem 7 včetně 1 podzemního,Cihlová,Po rekonstrukci,False,True,3,,Třída E - Nehospodárná č. 78/2013 Sb. podle vyhlášky,Státní/obecní,,,,,,Vyvolávací cena v internetové aukci
2026-02-26,1066820428,Pronájem bytu 2+kk 55 m²,"Hradecká, Praha 3 - Vinohrady",Praha 3,Vinohrady,8300,55,2+kk,1. podlaží z celkem 6 včetně 1 podzemního,Cihlová,Po rekonstrukci,False,True,,,Třída G - Mimořádně nehospodárná,Státní/obecní,,,,,,Vyvolávací cena v internetové aukci
2026-02-26,1484665676,Pronájem bytu 2+kk 41 m² (Jednopodlažní),"K dubu, Praha 4 - Chodov",Praha 4,Chodov,22000,41,2+kk,1. podlaží z celkem 2,Cihlová,Novostavba,False,,,,Třída B - Velmi úsporná č. 264/2020 Sb. podle vyhlášky,Osobní,True,6,,Ústřední plynové,Jednopodlažní,"Cena je uvedena za měsíc a zahrnuje pouze najem., Energie 5000tis Kč/měs"
2026-02-26,3163972428,Pronájem bytu 1+kk 24 m²,"Jana Želivského, Praha 3 - Žižkov",Praha 3,Žižkov,3700,24,1+kk,4. podlaží z celkem 7 včetně 1 podzemního,Cihlová,Po rekonstrukci,False,True,,,Třída D - Méně úsporná č. 78/2013 Sb. podle vyhlášky,Osobní,,,,,,"Vyvolávací cena v internetové aukci, včetně právního servisu"
2026-02-26,2358666060,Pronájem bytu 2+1 93 m²,"Basilejské náměstí, Praha 3 - Žižkov",Praha 3,Žižkov,14300,93,2+1,4. podlaží z celkem 6 včetně 1 podzemního,Cihlová,Po rekonstrukci,True,True,,,Třída F - Velmi nehospodárná č. 78/2013 Sb. podle vyhlášky,Státní/obecní,,2,,,,Vyvolávací cena v internetové aukci
2026-02-26,1301701452,Pronájem bytu 1+1 44 m²,"Hartigova, Praha 3 - Žižkov",Praha 3,Žižkov,6600,44,1+1,2. podlaží z celkem 6 včetně 1 podzemního,Cihlová,Po rekonstrukci,,,,,Třída G - Mimořádně nehospodárná,Státní/obecní,,,,,,Vyvolávací cena v internetové aukci
2026-02-26,3986056012,Pronájem bytu 2+kk 65 m² (Jednopodlažní),"Litoměřická, Praha",,,30900,65,2+kk,4. podlaží,Smíšená,Novostavba,,,True,,,Osobní,,,True,,Jednopodlažní,
2026-02-26,1385587532,Pronájem bytu 1+1 51 m²,"Hartigova, Praha 3 - Žižkov",Praha 3,Žižkov,8100,51,1+1,2. podlaží z celkem 5 včetně 1 podzemního,Cihlová,Po rekonstrukci,False,True,,,Třída D - Méně úsporná č. 78/2013 Sb. podle vyhlášky,Státní/obecní,,3,,,,Vyvolávací cena v internetové aukci
2026-02-26,2727764812,Pronájem bytu 1+1 42 m²,"Hollarovo náměstí, Praha 3 - Vinohrady",Praha 3,Vinohrady,6800,42,1+1,4. podlaží z celkem 6 včetně 1 podzemního,Cihlová,Po rekonstrukci,False,False,,,Třída D - Méně úsporná č. 78/2013 Sb. podle vyhlášky,Státní/obecní,,,,,,"Vyvolávací cena v internetové aukci, včetně právního servisu"
2026-02-26,223830860,Pronájem bytu 2+kk 44 m²,"Nad přehradou, Praha 10 - Horní Měcholupy",Praha 10,Horní Měcholupy,16000,44,2+kk,3. podlaží,Panelová,Po rekonstrukci,,True,,,Třída D - Méně úsporná,Osobní,,1,,,,
2026-02-26,3264635724,Pronájem bytu 2+kk 44 m²,"Lotyšská, Praha 6 - Bubeneč",Praha 6,Bubeneč,20000,44,2+kk,4. podlaží,Cihlová,Velmi dobrý,Částečně,True,,,Třída G - Mimořádně nehospodárná,Osobní,,,,,,+ provize RK
2026-02-26,1337209676,Pronájem bytu 3+kk 89 m²,"U Lihovaru, Praha 5 - Smíchov",Praha 5,Smíchov,52000,89,3+kk,6. podlaží,Smíšená,Novostavba,True,True,,4,Třída B - Velmi úsporná č. 264/2020 Sb. podle vyhlášky,Osobní,,True,16,,,Poplatky za služby a zálohy za energie se hradí zvlášť.
2026-02-26,3896992588,Pronájem bytu 2+kk 53 m²,"U Lihovaru, Praha 5 - Smíchov",Praha 5,Smíchov,33000,53,2+kk,2. podlaží,Smíšená,Novostavba,True,True,,,Třída B - Velmi úsporná č. 264/2020 Sb. podle vyhlášky,Osobní,,True,6,,,Poplatky za služby a zálohy za energie se hradí zvlášť.
2026-02-26,1670800204,Pronájem bytu 1+kk 19 m²,"Oldřichova, Praha 2 - Nusle",Praha 2,Nusle,15900,19,1+kk,2. podlaží,Cihlová,Velmi dobrý,,,,,Třída G - Mimořádně nehospodárná,Osobní,,,,,,+ provize + služby 800 Kč + elektřina na nájemce + kauce 20 000 Kč
2026-02-26,2425774924,Pronájem bytu 3+kk 45 m²,"Zenklova, Praha 8 - Kobylisy",Praha 8,Kobylisy,20000,45,3+kk,3. podlaží z celkem 4,Cihlová,Po rekonstrukci,True,,,,Třída A - Mimořádně úsporná,Osobní,,,,Jiné,,"+popl. 3000, včetně internetu"
2026-02-26,2710987596,Pronájem bytu 1+1 45 m²,"M. J. Lermontova, Praha 6 - Bubeneč",Praha 6,Bubeneč,19000,45,1+1,2. podlaží z celkem 5,Cihlová,Velmi dobrý,False,,,,Třída G - Mimořádně nehospodárná,Osobní,,2,,Ústřední plynové,,"+ poplatky 2700 Kč plus el. a plyn, kauce 25 000,- provize 19 000,-"
2026-02-26,2258002764,Pronájem bytu 2+kk 54 m²,"Nepomuckých, Praha 9 - Letňany",Praha 9,Letňany,21500,54,2+kk,3. podlaží z celkem 5,Cihlová,Novostavba,False,True,2,,Třída B - Velmi úsporná č. 78/2013 Sb. podle vyhlášky,Osobní,1,2,,,,
2026-02-26,3885392716,Pronájem bytu 2+kk 70 m²,"Na Slatince, Praha - Záběhlice",,,26990,70,2+kk,1. podlaží,Cihlová,Velmi dobrý,,,,40,,Osobní,,4,,,,+ poplatky 4500 + převod elektřiny + kauce + provize rk
2026-02-26,362177356,Pronájem bytu 2+kk 49 m²,"Kouřimská, Praha 3 - Vinohrady",Praha 3,Vinohrady,19000,49,2+kk,2. podlaží z celkem 6,Cihlová,Velmi dobrý,False,False,,,Třída D - Méně úsporná,Osobní,,,,Ústřední dálkové,,"+ zálohy na energie a služby 3.500,-Kč/měsíc + elektřina a plyn na nájemce, kauce, provize"
2026-02-26,1704354636,Pronájem bytu 2+1 57 m² (Jednopodlažní),"Litoměřická, Praha",,,27500,57,2+1,4. podlaží,Smíšená,Novostavba,,,True,,,Osobní,,,True,,Jednopodlažní,
2026-02-26,2592498508,Pronájem bytu 3+kk 85 m² (Mezonet),"Věštínská, Praha 5 - Radotín",Praha 5,Radotín,20000,85,3+kk,4. podlaží z celkem 4,Cihlová,Po rekonstrukci,,,,,,Osobní,,,,,Mezonet,
2026-02-26,696673100,Pronájem bytu 2+kk 49 m²,"Kunešova, Praha 3 - Žižkov",Praha 3,Žižkov,34990,49,2+kk,3. podlaží,Cihlová,Novostavba,Částečně,True,8,50,Třída G - Mimořádně nehospodárná,Osobní,,4,,,,+ záloha na služby a energie 3 798 Kč + vratná kauce + provize RK
2026-02-26,3956609868,Pronájem bytu 1+kk 36 m²,"Šrámkové, Praha 3 - Žižkov",Praha 3,Žižkov,20900,36,1+kk,2. podlaží z celkem 11,Cihlová,Novostavba,Částečně,True,True,,Třída B - Velmi úsporná,Osobní,,True,,Ústřední dálkové,,"vratná jistota, zálohy 4.500 Kč, poplatek za podnájem, včetně sklepa"
2026-02-26,1871078220,Pronájem bytu 2+kk 49 m²,"Štúrova, Praha 4 - Krč",Praha 4,Krč,18000,49,2+kk,12. podlaží z celkem 17,Panelová,Velmi dobrý,False,True,,,Třída D - Méně úsporná č. 264/2020 Sb. podle vyhlášky,Osobní,,,6,,,"poplatky 4.000,-, elektřina cca 1.000,- Kč, kauce 18.000,-"
2026-02-26,220226380,Pronájem bytu 2+1 60 m²,"Vinohradská, Praha 2 - Vinohrady",Praha 2,Vinohrady,14000,60,2+1,1. podlaží z celkem 4,Cihlová,Velmi dobrý,True,True,,,Třída G - Mimořádně nehospodárná č. 78/2013 Sb. podle vyhlášky,Osobní,,,,,,"Zúčtovatelné zálohy 4 000 Kč / 2 osoby vč. služeb, vody, vytápění, elektřiny a plynu. Vratná kauce: 25 000 Kč + provize RK."
2026-02-26,2693161804,Pronájem bytu 3+1 80 m²,"Holečkova, Praha 5 - Smíchov",Praha 5,Smíchov,22000,80,3+1,2. podlaží z celkem 4,Cihlová,Velmi dobrý,False,False,,,Třída G - Mimořádně nehospodárná,Osobní,,True,,Ústřední plynové,,+popl. 600
2026-02-26,1255371340,Pronájem bytu 1+kk 18 m²,"Lisabonská, Praha 9 - Vysočany",Praha 9,Vysočany,15500,18,1+kk,6. podlaží,Smíšená,Velmi dobrý,,,,,,Osobní,,,,,,
2026-02-26,1686528844,Pronájem bytu 2+kk 59 m²,"Kryšpínova, Praha 10 - Dolní Měcholupy",Praha 10,Dolní Měcholupy,18990,59,2+kk,2. podlaží z celkem 4,Cihlová,Novostavba,Částečně,True,5,,Třída B - Velmi úsporná č. 264/2020 Sb. podle vyhlášky,Osobní,,,,,,
2026-02-26,3686163276,Pronájem bytu 2+kk 43 m²,"Frýdlantská, Praha 8 - Kobylisy",Praha 8,Kobylisy,25999,43,2+kk,3. podlaží z celkem 4,Panelová,Velmi dobrý,,,,,,Osobní,,,,,,
2026-02-26,2142659404,Pronájem bytu 3+kk 72 m²,"Hlavní, Praha 4 - Záběhlice",Praha 4,Záběhlice,22490,72,3+kk,6. podlaží,Cihlová,Po rekonstrukci,Částečně,True,,,Třída E - Nehospodárná č. 78/2013 Sb. podle vyhlášky,Osobní,,True,4,,,"+ poplatky 7.548 Kč/měsíc/3 os. (každá další osoba za příplatek) + elektřina a plyn, které budou převedeny na nájemníka"
2026-02-26,2679530316,Pronájem  pokoje 15 m²,"Mezivrší, Praha 4 - Braník",Praha 4,Braník,7000,15,,1. podlaží z celkem 2,Cihlová,Velmi dobrý,,,,,,Osobní,,,,,,
2026-02-26,1840669516,Pronájem bytu 2+1 60 m²,"Ruská, Praha 10 - Vršovice",Praha 10,Vršovice,16000,60,2+1,2. podlaží z celkem 6,Panelová,Velmi dobrý,,,,,,Osobní,,,,,,
2026-02-26,1328997196,Pronájem bytu 3+kk 70 m²,"Eliášova, Praha 6 - Dejvice",Praha 6,Dejvice,39990,70,3+kk,3. podlaží z celkem 5,Cihlová,Po rekonstrukci,,,,,Třída G - Mimořádně nehospodárná č. 264/2020 Sb. podle vyhlášky,Osobní,,,,,,"+poplatky v domě 2000,- Kč na dvě osoby + energie"
2026-02-26,1924555596,Pronájem bytu 1+kk 25 m²,"Na bateriích, Praha 6 - Střešovice",Praha 6,Střešovice,9500,25,1+kk,1. podlaží z celkem 4,Cihlová,Velmi dobrý,,,,,,Osobní,,,,,,
2026-02-26,1119249228,Pronájem bytu 4+kk 71 m²,"V Nových Bohnicích, Praha 8 - Bohnice",Praha 8,Bohnice,35000,71,4+kk,2. podlaží z celkem 3,Cihlová,Po rekonstrukci,Částečně,False,,,Třída G - Mimořádně nehospodárná č. 148/2007 Sb. podle vyhlášky,Osobní,1,,,Lokální plynové,,"+ plyn 2 500 Kč + el 1 500 Kč + voda 1 500 Kč, vr. kauce 2 x nájem, provize RK"
2026-02-26,62284620,Pronájem bytu 1+kk 27 m²,"Dvorecké náměstí, Praha 4 - Podolí",Praha 4,Podolí,15000,27,1+kk,5. podlaží,Cihlová,Velmi dobrý,True,True,,,Třída G - Mimořádně nehospodárná,Osobní,,2,,,,+ poplatky 4000 Kč( včetně elektřiny)
2026-02-26,4088816460,Pronájem bytu 5+kk 310 m² (Jednopodlažní),"Práčská, Praha",,,50000,310,5+kk,2. podlaží z celkem 3,Smíšená,Novostavba,Částečně,True,,155,,Osobní,1,,,,Jednopodlažní,
2026-02-26,2796970828,Pronájem bytu 1+kk 36 m²,"Pod Barvířkou, Praha 5 - Smíchov",Praha 5,Smíchov,18500,36,1+kk,4. podlaží z celkem 6,Smíšená,Novostavba,False,True,,,Třída B - Velmi úsporná č. 78/2013 Sb. podle vyhlášky,Osobní,,2,,,,vratná kauce ve výši dvou měsíčních nájmů + provize za zprostředkování ve výši jednoho nájmu + DPH
2026-02-26,1211589452,Pronájem bytu 3+kk 67 m² (Jednopodlažní),"Fabiánové, Praha 5 - Hlubočepy",Praha 5,Hlubočepy,29000,67,3+kk,1. podlaží z celkem 8 včetně 2 podzemních,Smíšená,Novostavba,Částečně,True,4,,Třída B - Velmi úsporná,Osobní,1,3,,,Jednopodlažní,elektřina převod na nájemce
2026-02-26,2326160204,Pronájem bytu atypické 47 m²,"Na Plískavě, Praha 10 - Hostivař",Praha 10,Hostivař,22000,47,atypicky,1. podlaží z celkem 1,Cihlová,Novostavba,True,,,7,Třída C - Úsporná č. 148/2007 Sb. podle vyhlášky,Osobní,1,,,,,
2026-02-26,732324684,Pronájem bytu 3+1 84 m² (Jednopodlažní),"Na líše, Praha 4 - Michle",Praha 4,Michle,31999,84,3+1,3. podlaží z celkem 4,Cihlová,Velmi dobrý,,,,,,Osobní,,,,,Jednopodlažní,", 800 Kč domovní služby (1 os.) + voda dle spotřeby každý měsíc + převod energií + kauce + provize RK"
2026-02-26,2611372876,Pronájem bytu 2+kk 74 m²,"U panské zahrady, Praha 5 - Jinonice",Praha 5,Jinonice,28000,74,2+kk,3. podlaží z celkem 5,Smíšená,Velmi dobrý,False,True,6,,Třída C - Úsporná č. 78/2013 Sb. podle vyhlášky,Osobní,1,3,,,,vratná kauce ve výši dvou měsíčních nájmů + provize za zprostředkování ve výši jednoho nájmu + DPH
2026-02-26,1440179020,Pronájem bytu 2+kk 42 m²,"Na Rokytce, Praha 8 - Libeň",Praha 8,Libeň,23000,42,2+kk,4. podlaží z celkem 5,Cihlová,Po rekonstrukci,True,True,,,,Osobní,,,,,,Zálohy za služby a studenou vodu 1 200 Kč / osoba + elektřina převodem. Vratná kauce: 24 200 Kč + provize RK.
2026-02-26,1302750028,Pronájem bytu 2+kk 54 m² (Mezonet),"Vrtbova, Praha 4 - Nusle",Praha 4,Nusle,30000,54,2+kk,2. podlaží z celkem 4,Smíšená,Novostavba,False,True,,9,Třída D - Méně úsporná č. 78/2013 Sb. podle vyhlášky,Osobní,1,3,,,Mezonet,vratná kauce ve výši dvou měsíčních nájmů včetně služeb + provize za zprostředkování ve výši jednoho nájmu + DPH
2026-02-26,2208719692,Pronájem bytu 1+kk 33 m²,"Strnadových, Praha 9 - Vysočany",Praha 9,Vysočany,18500,33,1+kk,5. podlaží z celkem 7,Smíšená,Novostavba,False,True,,,Třída B - Velmi úsporná č. 264/2020 Sb. podle vyhlášky,Osobní,,,4,,,vratná kauce ve výši dvou měsíčních nájmů + provize za zprostředkování ve výši jednoho nájmu + DPH
2026-02-26,3939918668,Pronájem bytu 1+kk 29 m²,"Nepelova, Praha 9 - Hloubětín",Praha 9,Hloubětín,15950,29,1+kk,2. podlaží z celkem 6 včetně 1 podzemního,Cihlová,Velmi dobrý,Částečně,True,,,Třída C - Úsporná č. 264/2020 Sb. podle vyhlášky,Osobní,,2,6,,,detailní rozpis naleznete v textu
2026-02-26,416703308,Pronájem bytu 1+kk 28 m²,"Honzíkova, Praha 10 - Dolní Měcholupy",Praha 10,Dolní Měcholupy,18500,28,1+kk,5. podlaží,Cihlová,Novostavba,,True,5,,Třída B - Velmi úsporná,Družstevní,True,2,,,,"Poplatky za služby 2376,- Kč El. energie se převádí na podnájemce"
2026-02-26,3425059404,Pronájem  pokoje 14 m²,"Líbeznická, Praha - Kobylisy",,,7500,14,,1. podlaží,Cihlová,Velmi dobrý,,,,,,Osobní,,,,,,
2026-02-26,3637928780,Pronájem  pokoje 20 m²,"Fastrova, Praha 6 - Břevnov",Praha 6,Břevnov,13000,20,,2. podlaží z celkem 5,Cihlová,Velmi dobrý,,,,,,Osobní,,,,,,
2026-02-26,1574331212,Pronájem bytu 1+kk 64 m² (Mezonet),"Sokolovská, Praha 8 - Karlín",Praha 8,Karlín,24800,64,1+kk,5. podlaží z celkem 5,Cihlová,Velmi dobrý,False,True,,,Třída G - Mimořádně nehospodárná,Osobní,,,,,Mezonet,"včetně poplatků, + provize RK"
2026-02-26,2698404684,Pronájem bytu 6 pokojů a více 253 m²,"Ibsenova, Praha 2 - Vinohrady",Praha 2,Vinohrady,101724,253,,5. podlaží,Cihlová,Velmi dobrý,False,True,5,,Třída G - Mimořádně nehospodárná č. 78/2013 Sb. podle vyhlášky,Osobní,True,,,,,Záloha na domovní služby a energie 15.000 Kč/měs.
2026-02-26,299262796,Pronájem bytu 6 pokojů a více 255 m²,"Ibsenova, Praha - Vinohrady",,,100000,255,,5. podlaží,Cihlová,Velmi dobrý,False,,,,Třída G - Mimořádně nehospodárná,Osobní,,,,,,"+ měsíční poplatky za služby 15 000 Kč, možnost parkování v garáži za měsíční příplatek 5 000 Kč"
2026-02-26,1188455244,Pronájem bytu 1+kk 33 m²,"Kaplická, Praha 4 - Podolí",Praha 4,Podolí,16800,33,1+kk,5. podlaží z celkem 8,Panelová,Velmi dobrý,False,True,,,Třída C - Úsporná č. 78/2013 Sb. podle vyhlášky,Osobní,,2,6,,,vratná kauce ve výši dvou měsíčních nájmů + provize za zprostředkování ve výši jednoho nájmu + DPH
2026-02-26,4158022476,Pronájem bytu 1+kk 47 m²,"Litoměřická, Praha 9 - Prosek",Praha 9,Prosek,20000,47,1+kk,1. podlaží,Cihlová,Novostavba,True,,,17,Třída G - Mimořádně nehospodárná,Osobní,,,,,,+ služby 7 400 Kč + kauce 30 000 Kč + provize RK
2026-02-26,4285260,Pronájem bytu 1+kk 28 m²,"Cimburkova, Praha 3 - Žižkov",Praha 3,Žižkov,23900,28,1+kk,4. podlaží,Smíšená,Velmi dobrý,True,True,,True,Třída G - Mimořádně nehospodárná,Osobní,,,,,,Poplatky za služby + provize 1 měsíční nájem plus 21 % DPH + vratná záloha ve výši 1 měsíčního nájmu.
2026-02-26,3905315660,Pronájem bytu 4+1 110 m²,"Na Hřebenkách, Praha 5 - Smíchov",Praha 5,Smíchov,37990,110,4+1,2. podlaží z celkem 4,Cihlová,Velmi dobrý,False,False,True,,Třída G - Mimořádně nehospodárná,Osobní,True,True,,,,+ poplatky 7.931 Kč měsíčně / 6 os + elektřina a plyn se přepisuje na podnájemníka
2026-02-26,3385221964,Pronájem bytu 1+kk 27 m²,"Olgy Havlové, Praha 3 - Žižkov",Praha 3,Žižkov,17500,27,1+kk,4. podlaží z celkem 6,Smíšená,Novostavba,Částečně,True,,,Třída B - Velmi úsporná č. 78/2013 Sb. podle vyhlášky,Osobní,,,,,,vratná kauce ve výši dvou měsíčních nájmů + provize za zprostředkování ve výši jednoho nájmu + DPH
2026-02-26,1120297804,Pronájem bytu 1+kk 17 m²,"Moskevská, Praha 10 - Vršovice",Praha 10,Vršovice,17500,17,1+kk,přízemí,Panelová,Velmi dobrý,,,,,,Osobní,,,,,,+ poplatky 1457+ elektřina 890 + internet 300
2026-02-26,2445697868,Pronájem bytu 2+kk 100 m² (Jednopodlažní),"Křižanská, Praha - Ďáblice",,,29000,100,2+kk,4. podlaží z celkem 4 včetně 1 podzemního,Smíšená,Novostavba,Částečně,True,,55,Třída B - Velmi úsporná,Osobní,,4,,,Jednopodlažní,
2026-02-26,1959158604,Pronájem bytu 3+kk 35 m²,"Havlovického, Praha 4 - Hodkovičky",Praha 4,Hodkovičky,19000,35,3+kk,3. podlaží,Skeletová,Po rekonstrukci,False,False,,,Třída G - Mimořádně nehospodárná,Osobní,,,,,,"+ zálohy na služby 3400 kč + elektřina (800 kč), vratná kauce 30000 kč, provize 22400 kč + DPH"
2026-02-26,2496029516,Pronájem bytu 3+kk 85 m²,"Sázavská, Praha 2 - Vinohrady",Praha 2,Vinohrady,40000,85,3+kk,5. podlaží,Cihlová,Velmi dobrý,True,True,,,Třída G - Mimořádně nehospodárná,Osobní,,,,,,Provize RK činí 1 měsíční nájem plus 21% DPH.
2026-02-26,96887628,Pronájem bytu 3+kk 117 m² (Jednopodlažní),"Filmařská, Praha 5 - Hlubočepy",Praha 5,Hlubočepy,39900,117,3+kk,2. podlaží z celkem 4 včetně 1 podzemního,Skeletová,Velmi dobrý,Částečně,True,True,True,Třída C - Úsporná č. 78/2013 Sb. podle vyhlášky,Osobní,1,True,,,Jednopodlažní,Majitel požaduje kauci 50 000 kč. Provize RK 40 000 + DPH.
2026-02-26,4123419468,Pronájem bytu 2+1 57 m²,"Křivá, Praha 3 - Žižkov",Praha 3,Žižkov,19000,57,2+1,5. podlaží z celkem 1,Cihlová,Dobrý,False,True,2,,Třída E - Nehospodárná č. 264/2020 Sb. podle vyhlášky,Osobní,,,,,,"+ služby (voda, topení, výtah, energie dům) 3.110,- Kč + plyn 430,- Kč + elektřina 1.060,- Kč, + provize RK, kauce 1 měsíční nájem"
2026-02-26,1274438476,Pronájem bytu 2+kk 80 m²,"Kafkova, Praha 6 - Dejvice",Praha 6,Dejvice,39000,80,2+kk,3. podlaží z celkem 6,Cihlová,Velmi dobrý,True,True,True,,Třída G - Mimořádně nehospodárná,Osobní,,,,,,Poplatky za služby a energie se hradí zvlášť
2026-02-26,2616615756,Pronájem bytu 1+kk 29 m²,"Chlupáčova, Praha - Hlubočepy",,,21000,29,1+kk,2. podlaží,Skeletová,Velmi dobrý,,,,,Třída C - Úsporná,Osobní,True,True,,,,Plyn a elektřina převádí se na nájemníka.
2026-02-26,1777754956,Pronájem bytu 2+kk 35 m²,"Hlivická, Praha 8 - Bohnice",Praha 8,Bohnice,16000,35,2+kk,2. podlaží z celkem 11,Panelová,Velmi dobrý,True,False,,,,Osobní,,True,,Ústřední dálkové,,"vratná jistota, náklady na bydlení 6.900 Kč již včetně elektřiny, poplatek za podnájem"
2026-02-26,1073111884,Pronájem bytu 1+kk 25 m²,"Honzíkova, Praha 10 - Dolní Měcholupy",Praha 10,Dolní Měcholupy,16500,25,1+kk,4. podlaží,Cihlová,Novostavba,,True,5,,Třída B - Velmi úsporná,Družstevní,True,,,,,"poplatky za služby 2086,- Kč  El. energie se převádí na podnájemce"
2026-02-26,1609982796,Pronájem bytu 3+kk 81 m²,"Dělnická, Praha 7 - Holešovice",Praha 7,Holešovice,34000,81,3+kk,13. podlaží,Cihlová,Novostavba,,True,True,,Třída B - Velmi úsporná,Osobní,,True,,,,
2026-02-26,32924492,Pronájem bytu 3+kk 110 m²,"Sázavská, Praha 2 - Vinohrady",Praha 2,Vinohrady,42000,110,3+kk,6. podlaží,Cihlová,Velmi dobrý,True,,,,Třída G - Mimořádně nehospodárná,Osobní,,,,,,Provize RK činí 1 měsíční nájem plus 21% DPH.
2026-02-26,966812492,Pronájem bytu 2+kk 67 m² (Podkrovní),"Karlínské náměstí, Praha - Karlín",,,23000,67,2+kk,3. podlaží,Cihlová,Velmi dobrý,Částečně,False,,,Třída G - Mimořádně nehospodárná,Osobní,,,,,Podkrovní,"+ zúčtovatelné poplatky (voda, elektřina), + kauce, + provize RK"
2026-02-26,3052823372,Pronájem bytu 2+kk 51 m²,"Azzoniho, Praha 10 - Malešice",Praha 10,Malešice,26000,51,2+kk,3. podlaží z celkem 7,Cihlová,Velmi dobrý,,True,5,,Třída B - Velmi úsporná č. 78/2013 Sb. podle vyhlášky,Osobní,,2,,,,
2026-02-26,3471205196,Pronájem bytu 3+kk 130 m² (Mezonet),"Masarykovo nábřeží, Praha 2 - Nové Město",Praha 2,Nové Město,35000,130,3+kk,7. podlaží z celkem 7,Smíšená,Velmi dobrý,,True,,,Třída G - Mimořádně nehospodárná č. 264/2020 Sb. podle vyhlášky,Osobní,,,,,Mezonet,
2026-02-26,753296204,Pronájem bytu 3+kk 72 m²,"Blahoslavova, Praha 3 - Žižkov",Praha 3,Žižkov,27500,72,3+kk,5. podlaží z celkem 8 včetně 1 podzemního,Panelová,Dobrý,Částečně,True,True,,Třída G - Mimořádně nehospodárná,Osobní,,,,,,"+ zálohy na energie 5.521,-Kč + elektřina, včetně DPH, + provize RK, včetně právního servisu"
2026-02-26,2095473484,Pronájem bytu 3+1 102 m² (Jednopodlažní),"Zenklova, Praha 8 - Libeň",Praha 8,Libeň,34900,102,3+1,3. podlaží,Cihlová,Velmi dobrý,,,,,,Osobní,,,,,Jednopodlažní,
2026-02-26,1038508876,Pronájem bytu 3+kk 62 m²,"Branická, Praha 4 - Braník",Praha 4,Braník,27000,62,3+kk,3. podlaží z celkem 6,Cihlová,Velmi dobrý,Částečně,False,,,,Osobní,,,,Lokální plynové,,"vratná jistota, náklady na bydlení 4500, poplatek za podnájem"
2026-02-26,1575379788,Pronájem bytu 1+1 45 m²,"Ve Střešovičkách, Praha 6 - Břevnov",Praha 6,Břevnov,17900,45,1+1,3. podlaží z celkem 4,Cihlová,Po rekonstrukci,Částečně,False,True,,Třída G - Mimořádně nehospodárná č. 264/2020 Sb. podle vyhlášky,Osobní,,,,Lokální elektrické,,"+ 1.000,-Kč poplatky na 1os. + elektřina cca 1.900,-Kč/měs. Kauce 19.000,-Kč, provize pro RK 17.900,-Kč + 21% DPH."
2026-02-26,2333500236,Pronájem bytu 2+kk 82 m²,"Klimentská, Praha 1 - Nové Město",Praha 1,Nové Město,50000,82,2+kk,4. podlaží,Cihlová,Velmi dobrý,True,True,,,Třída G - Mimořádně nehospodárná č. 78/2013 Sb. podle vyhlášky,Osobní,True,,,,,Zálohy na poplatky za domovní služby 1.800 Kč/měs. pro 1 os. Plyn a elektřina - převod na nájemce.
2026-02-26,672555852,Pronájem bytu 1+kk 47 m²,"Litoměřická, Praha 9 - Prosek",Praha 9,Prosek,20000,47,1+kk,1. podlaží z celkem 4,Cihlová,Novostavba,True,True,,17,Třída G - Mimořádně nehospodárná č. 264/2020 Sb. podle vyhlášky,Osobní,,,,,,+ záloha na služby a energie: 7.400 Kč. Kauce 30.000 Kč + provize RK.
2026-02-26,1209426764,Pronájem bytu 2+kk 58 m²,"Kloudova, Praha 5 - Jinonice",Praha 5,Jinonice,28000,58,2+kk,3. podlaží,Smíšená,Novostavba,False,,,18,Třída A - Mimořádně úsporná č. 78/2013 Sb. podle vyhlášky,Osobní,True,True,,,,"Záloha na domovní služby, vodu a vytápění 4.300 Kč/měs. Elektřina - převod na nájemce."
2026-02-26,907436876,Pronájem bytu 2+kk 45 m²,"Krausova, Praha 9 - Letňany",Praha 9,Letňany,18000,45,2+kk,2. podlaží z celkem 12,Panelová,Velmi dobrý,True,True,,,,Osobní,,True,,Ústřední dálkové,,"vratná jistota, náklady na bydlení 4 800 kč, poplatek za podnájem"
2026-02-26,1444307788,Pronájem bytu 1+kk 30 m²,"Pod poštou, Praha 9 - Satalice",Praha 9,Satalice,10000,30,1+kk,1. podlaží z celkem 2,Cihlová,Velmi dobrý,True,,,,Třída C - Úsporná č. 78/2013 Sb. podle vyhlášky,Osobní,,,,Ústřední dálkové,,"+ poplatky za služby a energie pro dvě osoby 3.500,- Kč"
2026-02-26,721838924,Pronájem bytu 4+kk 88 m²,"28. pluku, Praha 10 - Vršovice",Praha 10,Vršovice,42000,88,4+kk,5. podlaží z celkem 5,Cihlová,Po rekonstrukci,,,,13,Třída G - Mimořádně nehospodárná č. 264/2020 Sb. podle vyhlášky,Osobní,,2,,,,
2026-02-26,1620075340,Pronájem bytu 3+kk 90 m² (Mezonet),"Milíčova, Praha 3 - Žižkov",Praha 3,Žižkov,40000,90,3+kk,2. podlaží,Cihlová,Velmi dobrý,True,True,2,,Třída G - Mimořádně nehospodárná č. 264/2020 Sb. podle vyhlášky,Osobní,,3,,,Mezonet,+ poplatky + provize RK
2026-02-26,252076876,Pronájem bytu 1+kk 27 m²,"Paříkova, Praha 9 - Vysočany",Praha 9,Vysočany,14900,27,1+kk,5. podlaží z celkem 7,Cihlová,Novostavba,False,True,True,,,Osobní,,,,Ústřední dálkové,,"vratná jistota, náklady na bydlení 4 500 Kč poplatek za podnájem"
2026-02-26,3473302348,Pronájem bytu 3+1 87 m²,"Kladenská, Praha 6 - Dejvice",Praha 6,Dejvice,38000,87,3+1,3. podlaží z celkem 3 včetně 1 podzemního,Cihlová,Velmi dobrý,Částečně,,,8,Třída G - Mimořádně nehospodárná č. 264/2020 Sb. podle vyhlášky,Osobní,,2,,,,nájemné se smlouvou min. na 1 rok (vše uvedeno v textu)
2026-02-26,3572982604,Pronájem bytu 1+kk 30 m²,"Olšanské náměstí, Praha 3 - Žižkov",Praha 3,Žižkov,14000,30,1+kk,2. podlaží z celkem 5,Cihlová,Po rekonstrukci,Částečně,True,,,Třída G - Mimořádně nehospodárná č. 78/2013 Sb. podle vyhlášky,Osobní,,True,,,,Zúčtovatelné zálohy za služby a vodu 920 Kč / osoba + energie převodem. Vratná kauce: 14 000 Kč + provize RK.
2026-02-26,1693934412,Pronájem bytu 1+1 30 m²,"Brechtova, Praha 4 - Háje",Praha 4,Háje,13000,30,1+1,9. podlaží z celkem 10,Panelová,Po rekonstrukci,True,True,,,,Osobní,,2,,,,"Zúčtovatelné zálohy 3 000 Kč vč. služeb, vody a topení + elektřina převodem. Vratná kauce: 16 000 Kč + provize RK."
2026-02-26,1711694668,Pronájem bytu 1+kk 56 m²,"Sázavská, Praha 2 - Vinohrady",Praha 2,Vinohrady,20900,56,1+kk,6. podlaží z celkem 6,Cihlová,Velmi dobrý,True,True,,,Třída G - Mimořádně nehospodárná č. 148/2007 Sb. podle vyhlášky,Osobní,,,,,,+ poplatky 1.850+ převod elektřiny
2026-02-26,3590742860,Pronájem bytu 1+kk 30 m²,"Nad úžlabinou, Praha 10 - Malešice",Praha 10,Malešice,18000,30,1+kk,10. podlaží z celkem 20 včetně 2 podzemních,Cihlová,Novostavba,Částečně,True,,,,Osobní,1,,4,Ústřední dálkové,,"měsíční záloha za služby 3 500 Kč, vratná kauce 21 500 Kč, odměna zprostředkovatele 21 500 Kč"
2026-02-26,2231788364,Pronájem bytu 2+kk 45 m²,"Archeologická, Praha 5 - Stodůlky",Praha 5,Stodůlky,18000,45,2+kk,8. podlaží,Panelová,Velmi dobrý,Částečně,True,,,Třída C - Úsporná,Osobní,,,,,,
2026-02-26,406217548,Pronájem bytu 3+kk 57 m²,"Kaplická, Praha 4 - Podolí",Praha 4,Podolí,27500,57,3+kk,7. podlaží z celkem 8,Panelová,Po rekonstrukci,,,,,Třída C - Úsporná č. 264/2020 Sb. podle vyhlášky,Osobní,,1,5,,,
2026-02-26,2285265740,Pronájem bytu 3+1 64 m²,"Šiškova, Praha 8 - Kobylisy",Praha 8,Kobylisy,24900,64,3+1,5. podlaží z celkem 9,Panelová,Velmi dobrý,False,True,True,,,Osobní,,True,,Ústřední dálkové,,"vratná jistota, náklady na bydlení 4 900 Kč kompletní, poplatek za podnájem"
2026-02-26,2570478412,Pronájem bytu 2+kk 41 m²,"Seifertova, Praha 3 - Žižkov",Praha 3,Žižkov,24900,41,2+kk,5. podlaží,Smíšená,Po rekonstrukci,Částečně,True,,,Třída G - Mimořádně nehospodárná,Osobní,,True,,,,Poplatky za služby a energie se hradí zvlášť
2026-02-26,4248200012,Pronájem bytu 1+1 31 m²,"Cimburkova, Praha 3 - Žižkov",Praha 3,Žižkov,16800,31,1+1,3. podlaží z celkem 4,Cihlová,Velmi dobrý,True,,,,Třída G - Mimořádně nehospodárná č. 148/2007 Sb. podle vyhlášky,Osobní,,,,,,+ poplatky 3700 Kč
2026-02-26,3442893644,Pronájem bytu 1+1 42 m² (Jednopodlažní),"Zemědělská, Praha 6 - Dejvice",Praha 6,Dejvice,16000,42,1+1,1. podlaží z celkem 1,Cihlová,V rekonstrukci,,,,,,Osobní,,,,,Jednopodlažní,
2026-02-26,2989908812,Pronájem bytu 2+kk 48 m²,"Věstonická, Praha 5 - Zličín",Praha 5,Zličín,20000,48,2+kk,2. podlaží z celkem 5,Cihlová,Novostavba,Částečně,True,True,,Třída G - Mimořádně nehospodárná,Osobní,True,True,,Ústřední dálkové,,"vratná kauce, náklady na bydlení 4048 Kč, poplatek za podnájem"
2026-02-26,1345741644,Pronájem bytu 1+kk 15 m²,"Mezi úvozy, Praha 9 - Horní Počernice",Praha 9,Horní Počernice,15000,15,1+kk,2. podlaží z celkem 2,Cihlová,Po rekonstrukci,False,,,,Třída A - Mimořádně úsporná,Osobní,,,,Jiné,,+popl. 3000
2026-02-26,1098342988,Pronájem bytu 2+kk 63 m² (Podkrovní),"Václavské náměstí, Praha 1 - Nové Město",Praha 1,Nové Město,29000,63,2+kk,5. podlaží z celkem 5,Cihlová,Po rekonstrukci,Částečně,True,,,Třída G - Mimořádně nehospodárná č. 148/2007 Sb. podle vyhlášky,Osobní,,True,,,Podkrovní,Poplatky za služby a energie se hradí zvlášť
2026-02-26,4030096204,Pronájem bytu 1+kk 34 m²,"Waltariho, Praha 9 - Hloubětín",Praha 9,Hloubětín,18000,34,1+kk,4. podlaží z celkem 10 včetně 2 podzemních,Cihlová,Novostavba,Částečně,True,4,,Třída B - Velmi úsporná č. 78/2013 Sb. podle vyhlášky,Osobní,1,3,,Ústřední dálkové,,"měsíční záloha za služby 3 500 Kč, odměna zprostředkovatele 21 500 Kč"
2026-02-26,1400332876,Pronájem bytu 2+kk 79 m² (Podkrovní),"Václavské náměstí, Praha 1 - Nové Město",Praha 1,Nové Město,37900,79,2+kk,5. podlaží z celkem 5,Cihlová,Po rekonstrukci,Částečně,True,,,Třída G - Mimořádně nehospodárná č. 148/2007 Sb. podle vyhlášky,Osobní,,True,,,Podkrovní,Poplatky za služby a energie se hradí zvlášť
2026-02-26,2807522124,Pronájem bytu 3+kk 82 m²,"K remízku, Praha 4 - Chodov",Praha 4,Chodov,22500,82,3+kk,2. podlaží z celkem 2,Cihlová,Po rekonstrukci,True,,1,,,Osobní,,,,,,"Zúčtovatelné zálohy 5 100 Kč / 2 osoby vč. energií, vody i vytápění. Vratná kauce: 30 000 Kč + provize RK."
2026-02-26,3023463244,Pronájem bytu 1+kk 34 m² (Jednopodlažní),"Pod Harfou, Praha 9 - Vysočany",Praha 9,Vysočany,19000,34,1+kk,7. podlaží z celkem 13 včetně 2 podzemních,Cihlová,Novostavba,True,True,,13,Třída G - Mimořádně nehospodárná,Osobní,,,,,Jednopodlažní,
2026-02-26,1966498636,Pronájem bytu 2+kk 55 m²,"Honzíkova, Praha 10 - Dolní Měcholupy",Praha 10,Dolní Měcholupy,20500,55,2+kk,4. podlaží z celkem 7,Cihlová,Novostavba,Částečně,True,4,,Třída B - Velmi úsporná č. 78/2013 Sb. podle vyhlášky,Osobní,1,,,,,"+ 6 000, Kč (služby) +  převod elektřiny na nájemce + možnost pronájmu venkovního vyhrazeného stání za 750, Kč/měsíc"
2026-02-26,1512465228,Pronájem bytu 4+1 151 m²,"Pařížská, Praha 1 - Staré Město",Praha 1,Staré Město,87000,151,4+1,3. podlaží z celkem 6,Smíšená,Velmi dobrý,False,True,5,,Třída G - Mimořádně nehospodárná č. 78/2013 Sb. podle vyhlášky,Osobní,,,,,,Provize RK činí 1 měsíční nájem plus 21% DPH.
2026-02-26,2590466892,Pronájem bytu 3+kk 60 m² (Jednopodlažní),"Plzeňská, Praha 5 - Smíchov",Praha 5,Smíchov,31900,60,3+kk,2. podlaží z celkem 4,Smíšená,Po rekonstrukci,True,True,,,Třída C - Úsporná č. 78/2013 Sb. podle vyhlášky,Osobní,,4,,,Jednopodlažní,"+4.500,- Kč poplatky za Služby, + provize pro RK, včetně DPH, bez poplatků, + provize RK, včetně právního servisu"
2026-02-26,3887555404,Pronájem bytu 2+kk 56 m² (Jednopodlažní),"Devonská, Praha 5 - Hlubočepy",Praha 5,Hlubočepy,25000,56,2+kk,2. podlaží z celkem 4 včetně 1 podzemního,Smíšená,Velmi dobrý,True,True,,,Třída B - Velmi úsporná,Osobní,,True,,,Jednopodlažní,Elektřina se převádí na nájemce
2026-02-26,505832268,Pronájem bytu 3+1 107 m²,"Vinohradská, Praha 3 - Vinohrady",Praha 3,Vinohrady,16600,107,3+1,4. podlaží z celkem 6 včetně 1 podzemního,Cihlová,Po rekonstrukci,False,True,,,Třída D - Méně úsporná č. 78/2013 Sb. podle vyhlášky,Státní/obecní,,,3,,,"vyvolávací cena v internetové aukci, včetně právního servisu"
2026-02-26,2384880460,Pronájem bytu 2+kk 45 m²,"Kosmická, Praha 4 - Háje",Praha 4,Háje,17000,45,2+kk,3. podlaží z celkem 14,Panelová,Velmi dobrý,False,,,,Třída D - Méně úsporná,Družstevní,,True,,Jiné,,"+popl. 4000, +převod elektřiny"
2026-02-26,3002557260,Pronájem bytu 2+kk 42 m²,"Fabiánové, Praha 5 - Hlubočepy",Praha 5,Hlubočepy,22000,42,2+kk,3. podlaží z celkem 6,Skeletová,Novostavba,False,True,4,,Třída B - Velmi úsporná č. 264/2020 Sb. podle vyhlášky,Osobní,,True,,,,"+ zálohy na služby 3500 kč + elektřina (1000 kč), vratná kauce 25500 kč, provize 22000 kč + DPH."
2026-02-26,777413452,Pronájem bytu 1+kk 25 m²,"Ke Koulce, Praha 5 - Smíchov",Praha 5,Smíchov,15500,25,1+kk,1. podlaží z celkem 5,Cihlová,Po rekonstrukci,True,,,,Třída G - Mimořádně nehospodárná,Osobní,,,,Jiné,,+poplatky
2026-02-26,2262360908,Pronájem bytu 3+kk 89 m² (Jednopodlažní),"Mužíkova, Praha - Nusle",,,67500,89,3+kk,1. podlaží z celkem 4,Cihlová,Novostavba,True,True,,8,Třída A - Mimořádně úsporná,Osobní,1,6,10,,Jednopodlažní,Nájemné zahrnuje vybraný nábytek. Poplatky za služby nezahrnují přímou spotřebu energií a přístup k internetu. K pronájmu majitelem.
2026-02-26,2706793292,Pronájem bytu 2+kk 54 m²,"Pod Harfou, Praha 9 - Vysočany",Praha 9,Vysočany,19000,54,2+kk,5. podlaží z celkem 11,Cihlová,Velmi dobrý,Částečně,True,6,,Třída G - Mimořádně nehospodárná č. 264/2020 Sb. podle vyhlášky,Osobní,,,,,,+ garážové stání 2.000 Kč + poplatky 6.000 Kč + elektřina na nájemce. Kauce 27.000 Kč + provize RK.
2026-02-26,2002150220,Pronájem bytu 1+kk 29 m²,"Thomasova, Praha 5 - Třebonice",Praha 5,Třebonice,19000,29,1+kk,6. podlaží,Skeletová,Novostavba,,,5,,,Osobní,1,,,,,včetně gar. stání a elektřiny
2026-02-26,3015140172,Pronájem bytu 3+kk 141 m² (Mezonet),"Smíchovská, Praha 5 - Stodůlky",Praha 5,Stodůlky,28000,141,3+kk,1. podlaží z celkem 2,Cihlová,Velmi dobrý,Částečně,,3,,Třída C - Úsporná č. 264/2020 Sb. podle vyhlášky,Osobní,1,,4,Ústřední plynové,Mezonet,"+ poplatky 4.562,- Kč + převod el. na nájemce"
2026-02-26,2830590796,Pronájem bytu 1+kk 39 m²,"Na Jezerce, Praha 4 - Nusle",Praha 4,Nusle,15000,39,1+kk,2. podlaží z celkem 3,Cihlová,Velmi dobrý,False,,1,,Třída F - Velmi nehospodárná č. 78/2013 Sb. podle vyhlášky,Osobní,,,True,Lokální plynové,,"+ poplatky 830,- Kč/1 osoba, +600,- Kč 2. osoba + převod plynu a elektřiny"
2026-02-26,2588304204,Pronájem bytu 2+kk 49 m²,"Sokolská, Praha 2 - Nové Město",Praha 2,Nové Město,24600,49,2+kk,8. podlaží z celkem 8,Cihlová,Velmi dobrý,True,True,,,,Osobní,,True,,Ústřední elektrické,,"vratná jistota, náklady na bydlení 4 347 Kč, poplatek za podnájem"
2026-02-26,524706636,Pronájem bytu 4+1 160 m²,"Anny Letenské, Praha 2 - Vinohrady",Praha 2,Vinohrady,62500,160,4+1,2. podlaží z celkem 5,Cihlová,Velmi dobrý,False,True,,,Třída G - Mimořádně nehospodárná č. 148/2007 Sb. podle vyhlášky,Osobní,,,,,,"+ 1.350 služby na osobu, elektřina + plyn převod na nájemce, vratná kauce ve výši 2 měsíčních nájmů"
2026-02-26,1933992780,Pronájem bytu 2+kk 49 m²,"Ondříčkova, Praha 3 - Žižkov",Praha 3,Žižkov,23000,49,2+kk,5. podlaží z celkem 6,Smíšená,Velmi dobrý,False,True,,,Třída E - Nehospodárná č. 264/2020 Sb. podle vyhlášky,Osobní,,,,,,
2026-02-26,642147148,Pronájem bytu 2+1 60 m²,"Veletržní, Praha 7 - Holešovice",Praha 7,Holešovice,26000,60,2+1,5. podlaží,Cihlová,Velmi dobrý,,True,,,Třída G - Mimořádně nehospodárná,Osobní,,,,,,+ Poplatky na vyžádání
2026-02-26,1179018060,Pronájem bytu 1+kk 33 m²,"Poděbradská, Praha 9 - Hloubětín",Praha 9,Hloubětín,21500,33,1+kk,2. podlaží,Skeletová,Novostavba,Částečně,True,6,,Třída B - Velmi úsporná,Osobní,,3,,,,Elektřina se převádí na nájemce
2026-02-26,3548406604,Pronájem bytu 2+kk 50 m²,"Huťská, Praha 4 - Záběhlice",Praha 4,Záběhlice,21000,50,2+kk,2. podlaží z celkem 4 včetně 1 podzemního,Smíšená,Velmi dobrý,Částečně,,,,Třída G - Mimořádně nehospodárná č. 264/2020 Sb. podle vyhlášky,Osobní,,,,,,"Nájemník platí 21.000,-Kč nájemné + poplatky na 1 osobu 1.920,-Kč, 1x kauci, 1xnájemné provizi RK + DPH"
2026-02-26,485036876,Pronájem bytu 1+kk 42 m²,"Sovova, Praha 8 - Karlín",Praha 8,Karlín,29000,42,1+kk,3. podlaží,Cihlová,Po rekonstrukci,True,True,,,Třída G - Mimořádně nehospodárná,Osobní,,,,,,+ poplatky 4 000 Kč
2026-02-26,3681968972,Pronájem bytu 2+kk 40 m²,"Jindřicha Plachty, Praha 5 - Smíchov",Praha 5,Smíchov,24000,40,2+kk,4. podlaží,Cihlová,Velmi dobrý,True,True,,,Třída G - Mimořádně nehospodárná,Osobní,,4,,,,+ poplatky: viz text
2026-02-26,3799409484,Pronájem bytu 1+kk 25 m²,"Písečná, Praha 8 - Troja",Praha 8,Troja,11000,25,1+kk,6. podlaží z celkem 8,Panelová,Velmi dobrý,Částečně,True,,,Třída C - Úsporná,Osobní,,3,6,Ústřední dálkové,,"+3.500,-Kč/ měsíc poplatky včetně energií"
2026-02-26,2440454988,Pronájem bytu 2+kk 60 m²,"Kolbenova, Praha 9 - Vysočany",Praha 9,Vysočany,22000,60,2+kk,1. podlaží z celkem 5,Cihlová,Velmi dobrý,,,,,,Osobní,,,,,,Provize RK 1 nájem + DPH
2026-02-26,1735811916,Pronájem bytu 2+kk 68 m²,"Pod Krocínkou, Praha 9 - Vysočany",Praha 9,Vysočany,32000,68,2+kk,2. podlaží,Smíšená,Novostavba,,,,,Třída B - Velmi úsporná,Osobní,1,3,9,,,
2026-02-26,2272682828,Pronájem bytu 3+kk 86 m²,"Verdunská, Praha 6 - Bubeneč",Praha 6,Bubeneč,33000,86,3+kk,3. podlaží,Cihlová,Velmi dobrý,,,True,,,Osobní,,,,,,
2026-02-26,3358024524,Pronájem bytu 1+kk 22 m²,"Dobrovského, Praha - Holešovice",,,15000,22,1+kk,2. podlaží,Cihlová,Velmi dobrý,,,,,,Osobní,,2,,,,"+ 550,- Kč záloha na služby na osobu + energie dle spotřeby do 2400,- Kč"
2026-02-26,778462028,Pronájem bytu 2+kk 64 m²,"Bratislavská, Praha 10 - Hostivař",Praha 10,Hostivař,22000,64,2+kk,6. podlaží z celkem 6 včetně 2 podzemních,Cihlová,Novostavba,False,True,11,,Třída B - Velmi úsporná č. 78/2013 Sb. podle vyhlášky,Osobní,1,4,,Ústřední dálkové,,+ domovní služby 4590 Kč/měsíc + elektřina převodem
2026-02-26,2657510220,Pronájem bytu 3+1 83 m²,"Kudrnova, Praha 5 - Motol",Praha 5,Motol,29900,83,3+1,7. podlaží z celkem 6,Cihlová,Velmi dobrý,,True,True,,Třída C - Úsporná č. 148/2007 Sb. podle vyhlášky,Osobní,True,,,,,
2026-02-26,1818649420,Pronájem bytu 2+1 84 m²,Praha 5 - Košíře,Praha 5,Košíře,33990,84,2+1,přízemí,Cihlová,Novostavba,Částečně,True,True,True,Třída C - Úsporná č. 264/2020 Sb. podle vyhlášky,Osobní,,,True,Lokální plynové,,"služby  1600,- + převod elektroměru a plynoměru na své jméno + kauce 1xnájem + provize 1x nájem"
2026-02-26,3160826700,Pronájem bytu 3+kk 59 m² (Jednopodlažní),"Špeciánova, Praha 9 - Třeboradice",Praha 9,Třeboradice,28000,59,3+kk,1. podlaží,Cihlová,Velmi dobrý,,,,True,,Osobní,True,,,,Jednopodlažní,elektřina bude převedena na nájemce
2026-02-26,2355520332,Pronájem bytu 2+1 63 m²,"Budečská, Praha 2 - Vinohrady",Praha 2,Vinohrady,24990,63,2+1,2. podlaží,Cihlová,Velmi dobrý,Částečně,True,,,Třída C - Úsporná č. 264/2020 Sb. podle vyhlášky,Osobní,,,,Lokální plynové,,"služby 1500,- + převod elektroměru a plynoměru + kauce 1x nájem + provize 1x nájem"
2026-02-26,761684812,Pronájem bytu 2+kk 42 m²,"Bořivojova, Praha 3 - Žižkov",Praha 3,Žižkov,17990,42,2+kk,2. podlaží z celkem 3,Cihlová,Velmi dobrý,,False,,,Třída C - Úsporná č. 264/2020 Sb. podle vyhlášky,Osobní,,,,,,Služby spojené s užíváním včetně topení a teplé a studené vody 3400 + převod elektroměru + kauce 1xnájem + provize 1x nájem
2026-02-26,674718540,Pronájem bytu 2+kk 38 m²,"Rumunská, Praha 2 - Vinohrady",Praha 2,Vinohrady,17461,38,2+kk,5. podlaží,Cihlová,Velmi dobrý,,,,,,Osobní,,,,,,elektřina je již zahrnuta v měsíčních platbách
2026-02-26,3697697612,Pronájem bytu 1+1 32 m²,"Plzeňská, Praha 5 - Smíchov",Praha 5,Smíchov,16990,32,1+1,4. podlaží,Cihlová,Dobrý,True,True,True,True,Třída C - Úsporná č. 264/2020 Sb. podle vyhlášky,Osobní,,,True,Lokální plynové,,"služby 800,- + převod elektroměru a plynoměru na své jméno + kauce  + provize RK 1xnájem"
2026-02-26,4235617100,Pronájem bytu 2+kk 69 m²,"Pod Krocínkou, Praha 9 - Vysočany",Praha 9,Vysočany,30500,69,2+kk,2. podlaží,Smíšená,Novostavba,,,,,Třída B - Velmi úsporná,Osobní,1,3,9,,,
2026-02-26,2878825292,Pronájem bytu 3+kk 67 m²,"Družstevní ochoz, Praha 4 - Michle",Praha 4,Michle,29800,67,3+kk,5. podlaží z celkem 6 včetně 2 podzemních,Panelová,Po rekonstrukci,Částečně,True,,,,Osobní,1,2,8,Ústřední dálkové,,"měsíční záloha za služby 2 900 Kč, vratná kauce 29 800 Kč, odměna zprostředkovatele 29 800 Kč"
2026-02-26,2039964492,Pronájem bytu 2+kk 56 m²,"Modenská, Praha 10 - Horní Měcholupy",Praha 10,Horní Měcholupy,21500,56,2+kk,3. podlaží,Cihlová,Velmi dobrý,,,True,,Třída G - Mimořádně nehospodárná,Osobní,,,,,,
2026-02-26,4254557004,Pronájem  pokoje 22 m²,"Hněvkovská, Praha 4 - Chodov",Praha 4,Chodov,11000,22,,3. podlaží z celkem 3,Cihlová,Velmi dobrý,,,,,,Osobní,,,,,,
2026-02-26,3449250636,Pronájem  pokoje 22 m²,"Hněvkovská, Praha 4 - Chodov",Praha 4,Chodov,11000,22,,3. podlaží z celkem 3,Cihlová,Velmi dobrý,,,,,,Osobní,,,,,,
2026-02-26,2190959436,Pronájem bytu 2+1 46 m² (Jednopodlažní),"Lamačova, Praha 5 - Hlubočepy",Praha 5,Hlubočepy,23000,46,2+1,6. podlaží z celkem 8 včetně 1 podzemního,Panelová,Velmi dobrý,Částečně,True,,,Třída B - Velmi úsporná č. 264/2020 Sb. podle vyhlášky,Osobní,,4,,,Jednopodlažní,
2026-02-26,1637311308,Pronájem bytu 3+kk 110 m² (Jednopodlažní),"Podskalská, Praha 2 - Nové Město",Praha 2,Nové Město,39000,110,3+kk,4. podlaží,Cihlová,Po rekonstrukci,Částečně,True,,,Třída C - Úsporná,Osobní,,True,,,Jednopodlažní,
2026-02-26,4153893708,Pronájem bytu 1+1 34 m² (Jednopodlažní),"Opletalova, Praha 1 - Nové Město",Praha 1,Nové Město,18000,34,1+1,6. podlaží,Cihlová,Velmi dobrý,Částečně,True,,,Třída C - Úsporná,Osobní,,,,,Jednopodlažní,
2026-02-26,3566691148,Pronájem bytu 2+kk 47 m²,Praha 3 - Žižkov,Praha 3,Žižkov,22000,47,2+kk,1. podlaží z celkem 5,Cihlová,Po rekonstrukci,,,,,,Osobní,,,,,,+ poplatky 3325 Kč/1 os. a el. převodem
2026-02-26,2860999500,Pronájem bytu 2+kk 43 m² (Jednopodlažní),"Milánská, Praha 10 - Horní Měcholupy",Praha 10,Horní Měcholupy,18000,43,2+kk,6. podlaží,Panelová,Velmi dobrý,,,,,Třída C - Úsporná č. 148/2007 Sb. podle vyhlášky,Osobní,,True,,,Jednopodlažní,poplatky 5154 Kč/1 osoba + elektřina
2026-02-26,461857612,Pronájem bytu 2+kk 61 m²,"U Rajské zahrady, Praha 3 - Žižkov",Praha 3,Žižkov,27000,61,2+kk,2. podlaží,Cihlová,Velmi dobrý,Částečně,,4,,,Osobní,,,,,,"+2.900 komunální služby , elektřina a plyn se převádí na nájemce"
2026-02-26,797401932,Pronájem bytu 1+kk 41 m² (Jednopodlažní),"Chmelařská, Praha 5 - Jinonice",Praha 5,Jinonice,19800,41,1+kk,5. podlaží,Skeletová,Novostavba,True,True,8,,Třída B - Velmi úsporná č. 78/2013 Sb. podle vyhlášky,Osobní,,,,,Jednopodlažní,"+ poplatky, kauce a odměna zprostředkovatele"
2026-02-26,864510796,Pronájem bytu 2+kk 32 m²,"Plzeňská, Praha 5 - Smíchov",Praha 5,Smíchov,16990,32,2+kk,4. podlaží,Cihlová,Dobrý,True,True,True,True,Třída C - Úsporná č. 264/2020 Sb. podle vyhlášky,Osobní,,,True,Lokální plynové,,"služby 800,- + převod elektroměru a plynoměru na své jméno + kauce  + provize RK 1xnájem"
2026-02-26,2743558988,Pronájem bytu 2+kk 55 m²,"Pernerova, Praha 8 - Karlín",Praha 8,Karlín,25000,55,2+kk,2. podlaží,Cihlová,Velmi dobrý,True,True,,,,Osobní,,,,,,+ 1573 Kč / osoba komunální služby + elektřina se převádí na nájemce
2026-02-26,2961662796,Pronájem bytu 3+1 73 m² (Jednopodlažní),"Frýdlantská, Praha 8 - Kobylisy",Praha 8,Kobylisy,28000,73,3+1,6. podlaží z celkem 12,Panelová,Velmi dobrý,Částečně,True,3,,Třída C - Úsporná č. 264/2020 Sb. podle vyhlášky,Osobní,,,,,Jednopodlažní,
2026-02-26,914842444,Pronájem bytu atypické 87 m²,"Bělohorská, Praha 6 - Břevnov",Praha 6,Břevnov,44000,87,atypicky,1. podlaží z celkem 5 včetně 1 podzemního,Smíšená,Novostavba,Částečně,True,,42,Třída B - Velmi úsporná č. 148/2007 Sb. podle vyhlášky,Osobní,1,3,,,,
2026-02-26,1736926028,Pronájem bytu 2+kk 56 m² (Jednopodlažní),"Lovosická, Praha 9 - Střížkov",Praha 9,Střížkov,22000,56,2+kk,6. podlaží,Cihlová,Novostavba,,,4,,Třída C - Úsporná,Osobní,1,,5,,Jednopodlažní,
2026-02-26,4119290700,Pronájem bytu 1+kk 27 m²,"Bajkonurská, Praha 4 - Háje",Praha 4,Háje,12000,27,1+kk,10. podlaží z celkem 20,Panelová,Velmi dobrý,True,True,,,Třída G - Mimořádně nehospodárná č. 264/2020 Sb. podle vyhlášky,Osobní,,,,,,"+ 4.700,- Kč poplatky + elektřina"
2026-02-26,2327274316,Pronájem bytu 2+kk 35 m²,"Varšavská, Praha 2 - Vinohrady",Praha 2,Vinohrady,23000,35,2+kk,1. podlaží z celkem 5,Cihlová,Dobrý,,,,,,Osobní,,,,,,", Kompletní poplatky včetně elektřiny a internetu 5500,-Kč"
2026-02-26,2075616076,Pronájem bytu 1+1 65 m²,"Sokolovská, Praha 8 - Karlín",Praha 8,Karlín,24800,65,1+1,4. podlaží,Cihlová,Velmi dobrý,,,,,,Osobní,,,,,,"Zálohy: 1 200 Kč / osoba + energie měsíčně

Kauce: 35 000 Kč"
2026-02-26,552731468,Pronájem bytu 2+kk 47 m²,"Komunardů, Praha 7 - Holešovice",Praha 7,Holešovice,25000,47,2+kk,2. podlaží,Cihlová,Velmi dobrý,Částečně,True,,,,Osobní,,,,,,
2026-02-26,1773626188,Pronájem bytu 1+1 40 m²,"Zbudovská, Praha",,,12900,40,1+1,2. podlaží,Cihlová,Dobrý,,,,,,Osobní,,3,4,,,
2026-02-26,3652674380,Pronájem bytu 2+kk 56 m²,"Plynární, Praha 7 - Holešovice",Praha 7,Holešovice,26000,56,2+kk,3. podlaží,Cihlová,Velmi dobrý,,True,2,,Třída G - Mimořádně nehospodárná č. 264/2020 Sb. podle vyhlášky,Osobní,,2,,Ústřední plynové,,+ popl.
2026-02-26,2125947724,Pronájem bytu 2+kk 38 m²,"Krokova, Praha 2 - Nusle",Praha 2,Nusle,14500,38,2+kk,1. podlaží,Cihlová,Velmi dobrý,True,False,,,Třída G - Mimořádně nehospodárná,Osobní,,,,,,
2026-02-26,2662818636,Pronájem bytu 4+kk 107 m² (Jednopodlažní),"Plzeňská, Praha 5 - Košíře",Praha 5,Košíře,39000,107,4+kk,2. podlaží,Cihlová,Velmi dobrý,False,,,,Třída G - Mimořádně nehospodárná č. 264/2020 Sb. podle vyhlášky,Osobní,,,,,Jednopodlažní,
2026-02-26,4290208588,Pronájem bytu 3+kk 87 m² (Jednopodlažní),"Bělohorská, Praha 6 - Břevnov",Praha 6,Břevnov,44000,87,3+kk,2. podlaží z celkem 4 včetně 1 podzemního,Smíšená,Velmi dobrý,Částečně,True,,42,Třída G - Mimořádně nehospodárná č. 264/2020 Sb. podle vyhlášky,Osobní,,3,,,Jednopodlažní,"+ poplatky 4.500,- Kč + elektřina na nájemce + kauce 88.000,- Kč + provize RK"
2026-02-26,850879308,Pronájem bytu 2+kk 60 m²,"U Zvonařky, Praha 2 - Vinohrady",Praha 2,Vinohrady,31000,60,2+kk,1. podlaží,Cihlová,Po rekonstrukci,True,,,,Třída G - Mimořádně nehospodárná č. 264/2020 Sb. podle vyhlášky,Osobní,,,,,,
2026-02-26,834102092,Pronájem bytu 2+kk 63 m²,"Tupolevova, Praha 9 - Letňany",Praha 9,Letňany,26000,63,2+kk,5. podlaží z celkem 7 včetně 1 podzemního,Cihlová,Novostavba,,True,,12,,Osobní,1,2,,,,
2026-02-26,364340044,Pronájem bytu 1+1 40 m² (Mezonet),"Hořejší nábřeží, Praha 5 - Smíchov",Praha 5,Smíchov,20000,40,1+1,přízemí,Cihlová,Dobrý,Částečně,,,,,Družstevní,,,,,Mezonet,
2026-02-26,2243388236,Pronájem bytu 2+kk 40 m²,"Štúrova, Praha 4 - Krč",Praha 4,Krč,18500,40,2+kk,14. podlaží z celkem 17,Panelová,Velmi dobrý,Částečně,True,,,Třída G - Mimořádně nehospodárná č. 264/2020 Sb. podle vyhlášky,Osobní,1,,,,,
2026-02-26,3634848588,Pronájem bytu 4+kk 112 m²,"Semilská, Praha 9 - Kbely",Praha 9,Kbely,37000,112,4+kk,2. podlaží z celkem 4,Cihlová,Velmi dobrý,True,False,True,,Třída C - Úsporná,Osobní,True,,,Ústřední dálkové,,"vratná jistota, náklady na bydlení  7.200,-Kč poplatek za podnájem"
2026-02-26,2577883980,Pronájem bytu 3+kk 44 m²,"Šenovská, Praha 8 - Ďáblice",Praha 8,Ďáblice,23900,44,3+kk,1. podlaží z celkem 4,Panelová,Po rekonstrukci,False,False,,,Třída G - Mimořádně nehospodárná,Osobní,,True,,Ústřední plynové,,"vratná jistota, náklady na bydlení 6 200 Kč, poplatek za podnájem"
2026-02-26,1873240908,Pronájem bytu 2+kk 56 m²,"Kytlická, Praha 9 - Prosek",Praha 9,Prosek,22000,56,2+kk,4. podlaží z celkem 6,Smíšená,Velmi dobrý,Částečně,False,True,,Třída G - Mimořádně nehospodárná,Osobní,,True,,,,"vratná kauce, poplatky 6 500 Kč, poplatek za podnájem"
2026-02-26,1034380108,Pronájem bytu 1+kk 35 m²,"Nušlova, Praha 5 - Stodůlky",Praha 5,Stodůlky,17000,35,1+kk,1. podlaží z celkem 10,Panelová,Velmi dobrý,False,False,,,,Osobní,,,,Ústřední dálkové,,"vratná jistota, náklady na bydlení 2766 Kč, poplatek za podnájem"
2026-02-26,1940349772,Pronájem bytu 1+kk 30 m² (Jednopodlažní),"Čihákova, Praha 9 - Libeň",Praha 9,Libeň,15500,30,1+kk,2. podlaží,Cihlová,Po rekonstrukci,,,,,Třída C - Úsporná,Osobní,,,,,Jednopodlažní,+ poplatky 3000 Kč/měs.
2026-02-26,816276300,Pronájem bytu 2+1 52 m² (Jednopodlažní),"Ostrovského, Praha 5 - Smíchov",Praha 5,Smíchov,20000,52,2+1,4. podlaží,Cihlová,Dobrý,,,,,,Osobní,,4,,,Jednopodlažní,
2026-02-26,296182604,Pronájem bytu 2+kk 50 m²,"Krakovská, Praha 1 - Nové Město",Praha 1,Nové Město,25000,50,2+kk,1. podlaží,Cihlová,Dobrý,,True,,,Třída B - Velmi úsporná,Osobní,,True,,,,
2026-02-26,1638359884,Pronájem bytu 1+1 70 m²,"U kněžské louky, Praha 3 - Žižkov",Praha 3,Žižkov,24000,70,1+1,1. podlaží,Cihlová,Dobrý,,False,True,,Třída B - Velmi úsporná,Osobní,,True,,,,
2026-02-26,648504140,Pronájem bytu 6 pokojů a více 168 m²,"Strojnická, Praha 7 - Holešovice",Praha 7,Holešovice,58000,168,,3. podlaží,Cihlová,Dobrý,,True,True,,Třída B - Velmi úsporná,Osobní,,,,,,
2026-02-26,1990681420,Pronájem bytu 3+kk 105 m²,"Karoliny Světlé, Praha 1 - Staré Město",Praha 1,Staré Město,30020,105,3+kk,4. podlaží,Cihlová,Dobrý,,True,,,Třída B - Velmi úsporná,Osobní,,,,,,
2026-02-26,4154942284,Pronájem bytu 3+1 103 m²,"Na Poříčí, Praha 1 - Nové Město",Praha 1,Nové Město,32000,103,3+1,3. podlaží,Cihlová,Velmi dobrý,,,,,,Osobní,,,,,,
2026-02-26,3567739724,Pronájem bytu 1+kk 37 m² (Jednopodlažní),"Geologická, Praha - Hlubočepy",,,14000,37,1+kk,2. podlaží,Cihlová,Novostavba,,,,,,Osobní,,,,,Jednopodlažní,
2026-02-26,631726924,Pronájem bytu 2+kk 43 m²,"Urbánkova, Praha 4 - Modřany",Praha 4,Modřany,15990,43,2+kk,7. podlaží,Panelová,Velmi dobrý,,,,,Třída C - Úsporná,Osobní,,,3,,,+ poplatky 3000 + elektřina 1000 + kauce  + provize rk
2026-02-26,987194188,Pronájem bytu 2+1 71 m² (Jednopodlažní),"28. pluku, Praha 10 - Vršovice",Praha 10,Vršovice,25900,71,2+1,2. podlaží,Cihlová,Dobrý,Částečně,True,3,,,Osobní,,3,,,Jednopodlažní,náklady na bydlení 5.000 + cca 900 elektřina
2026-02-26,165110604,Pronájem bytu 2+kk 53 m²,"Domalípova, Praha 9 - Hloubětín",Praha 9,Hloubětín,25500,53,2+kk,2. podlaží z celkem 6 včetně 2 podzemních,Cihlová,Novostavba,False,,,,Třída B - Velmi úsporná,Osobní,,7,10,Ústřední dálkové,,"+ poplatky 3.900, - Kč+ elektřina + provize RK"
2026-02-26,517432140,Pronájem bytu 2+kk 87 m² (Mezonet),"Chodovická, Praha 9 - Horní Počernice",Praha 9,Horní Počernice,27000,87,2+kk,1. podlaží,Cihlová,Velmi dobrý,,,,8,Třída C - Úsporná č. 78/2013 Sb. podle vyhlášky,Osobní,1,,,,Mezonet,Pronajímatel si vyhrazuje právo vybrat nájemce na základě jím zvolených kritérií.
2026-02-26,584541004,Pronájem bytu 2+1 50 m² (Jednopodlažní),"Vostrovská, Praha 6 - Dejvice",Praha 6,Dejvice,25500,50,2+1,2. podlaží z celkem 4,Cihlová,Dobrý,,,,,,Osobní,,,,,Jednopodlažní,
2026-02-26,282551116,Pronájem bytu 1+kk 47 m² (Jednopodlažní),"Litoměřická, Praha 9 - Prosek",Praha 9,Prosek,20000,47,1+kk,přízemí,Cihlová,Velmi dobrý,,,,17,,Osobní,,,,,Jednopodlažní,
2026-02-26,3336004428,Pronájem bytu 2+kk 58 m²,"Zlochova, Praha 4 - Modřany",Praha 4,Modřany,25000,58,2+kk,4. podlaží z celkem 7,Cihlová,Novostavba,False,True,7,,Třída A - Mimořádně úsporná č. 264/2020 Sb. podle vyhlášky,Osobní,1,,,Ústřední dálkové,,+ 5 000 Kč poplatky včetně elektřiny
2026-02-26,98001740,Pronájem bytu 4+1 160 m²,"Anny Letenské, Praha 2 - Vinohrady",Praha 2,Vinohrady,62500,160,4+1,3. podlaží z celkem 4,Cihlová,Velmi dobrý,False,True,,,Třída G - Mimořádně nehospodárná,Osobní,,,,,,+ poplatky na osobu/měsíc: 900 Kč + převod na nájemce: elektřina + plyn
2026-02-26,2076664652,Pronájem bytu 1+kk 23 m²,"Kyselova, Praha 8 - Kobylisy",Praha 8,Kobylisy,15900,23,1+kk,8. podlaží z celkem 15,Panelová,Velmi dobrý,Částečně,True,,,Třída G - Mimořádně nehospodárná č. 264/2020 Sb. podle vyhlášky,Osobní,,,,,,
2026-02-26,1774674764,Pronájem bytu 1+kk 28 m² (Jednopodlažní),"Roztylské náměstí, Praha 4 - Záběhlice",Praha 4,Záběhlice,1,28,1+kk,6. podlaží,Cihlová,Dobrý,,,,,,Státní/obecní,,2,,,Jednopodlažní,"Komerční bydlení, za nejvyšší nájemné nabídnuté v rámci MČ Praha 4 zveřejněného záměru pronajmout byt (nabídkové řízení)."
2026-02-26,2126996300,Pronájem bytu 1+1 45 m² (Jednopodlažní),"Matěchova, Praha 4 - Krč",Praha 4,Krč,1,45,1+1,1. podlaží,Cihlová,Dobrý,,,,,,Státní/obecní,,4,,,Jednopodlažní,"Komerční bydlení, za nejvyšší nájemné nabídnuté v rámci MČ Praha 4 zveřejněného záměru pronajmout byt (nabídkové řízení)."
2026-02-26,1606902604,Pronájem bytu 1+1 42 m² (Jednopodlažní),"V Horkách, Praha 4 - Nusle",Praha 4,Nusle,1,42,1+1,1. podlaží,Cihlová,Dobrý,,,,,,Státní/obecní,,2,,,Jednopodlažní,"Komerční bydlení, za nejvyšší nájemné nabídnuté v rámci MČ Praha 4 zveřejněného záměru pronajmout byt (nabídkové řízení)."
2026-02-26,1825006412,Pronájem bytu 1+1 42 m² (Jednopodlažní),"Viktorinova, Praha 4 - Nusle",Praha 4,Nusle,1,42,1+1,3. podlaží,Cihlová,Dobrý,,,,,,Státní/obecní,,,,,Jednopodlažní,"Komerční bydlení, za nejvyšší nájemné nabídnuté v rámci MČ Praha 4 zveřejněného záměru pronajmout byt (nabídkové řízení)."
2026-02-26,1388798796,Pronájem bytu 1+1 41 m² (Jednopodlažní),"Nuselská, Praha 4 - Nusle",Praha 4,Nusle,1,41,1+1,5. podlaží,Cihlová,Dobrý,,,,,,Státní/obecní,,3,,,Jednopodlažní,"Komerční bydlení, za nejvyšší nájemné nabídnuté v rámci MČ Praha 4 zveřejněného záměru pronajmout byt (nabídkové řízení)."
2026-02-26,1892115276,Pronájem bytu 1+kk 25 m² (Jednopodlažní),"Dolní, Praha 4 - Nusle",Praha 4,Nusle,1,25,1+kk,2. podlaží,Cihlová,Dobrý,,,,,,Státní/obecní,,3,,,Jednopodlažní,"Komerční bydlení, za nejvyšší nájemné nabídnuté v rámci MČ Praha 4 zveřejněného záměru pronajmout byt (nabídkové řízení)."
2026-02-26,1086808908,Pronájem bytu 3+kk 89 m²,"Ke Kapslovně, Praha - Žižkov",,,38000,89,3+kk,8. podlaží,Cihlová,Novostavba,,,,32,,Osobní,1,,,,,
2026-02-26,2428986188,Pronájem bytu 4+kk 71 m²,"V Nových Bohnicích, Praha 8 - Bohnice",Praha 8,Bohnice,35000,71,4+kk,2. podlaží z celkem 2,Cihlová,Velmi dobrý,False,,,63,Třída G - Mimořádně nehospodárná č. 264/2020 Sb. podle vyhlášky,Osobní,,,,,,+ poplatky včetně energií 5.000 Kč. Kauce 70.000 Kč + provize RK.
2026-02-26,3771163468,Pronájem bytu 2+kk 40 m² (Jednopodlažní),"Pod Stárkou, Praha 4 - Michle",Praha 4,Michle,19990,40,2+kk,2. podlaží z celkem 4,Cihlová,Novostavba,False,,,,Třída C - Úsporná č. 264/2020 Sb. podle vyhlášky,Osobní,,,,Lokální elektrické,Jednopodlažní,"+ zálohy na služby 1500,-Kč + převod elektřiny (cca 2000,-Kč)"
2026-02-26,3066520396,Pronájem bytu 3+1 165 m² (Podkrovní),"Sinkulova, Praha 4 - Nusle",Praha 4,Nusle,1,165,3+1,5. podlaží,Cihlová,Dobrý,,,,,,Státní/obecní,,,,,Podkrovní,
2026-02-26,1204249420,Pronájem bytu 3+kk 65 m²,"Boleslavova, Praha 4 - Nusle",Praha 4,Nusle,26000,65,3+kk,2. podlaží z celkem 6 včetně 1 podzemního,Panelová,Dobrý,True,True,2,,Třída D - Méně úsporná č. 264/2020 Sb. podle vyhlášky,Osobní,,1,,,,bez poplatků
2026-02-26,80175948,Pronájem bytu 1+1 39 m² (Jednopodlažní),"Na kolejním statku, Praha 4 - Michle",Praha 4,Michle,1,39,1+1,1. podlaží,Cihlová,Dobrý,,,,,,Státní/obecní,,2,,,Jednopodlažní,"Komerční bydlení, za nejvyšší nájemné nabídnuté v rámci MČ Praha 4 zveřejněného záměru pronajmout byt (nabídkové řízení)."
2026-02-26,1761043276,Pronájem bytu 2+kk 49 m² (Jednopodlažní),"Mukařovského, Praha 5 - Stodůlky",Praha 5,Stodůlky,27900,49,2+kk,6. podlaží,Skeletová,Velmi dobrý,True,True,,11,Třída A - Mimořádně úsporná č. 78/2013 Sb. podle vyhlášky,Osobní,,,,,Jednopodlažní,"bez provize, vratná kauce ve výši 2 měsíčních nájmů"
2026-02-26,536306508,Pronájem bytu 3+1 76 m²,"Skaláků, Praha 4 - Braník",Praha 4,Braník,29800,76,3+1,3. podlaží z celkem 4,Smíšená,Po rekonstrukci,Částečně,,,,Třída C - Úsporná č. 78/2013 Sb. podle vyhlášky,Osobní,,3,6,Ústřední plynové,,"měsíční záloha za služby 500 Kč, vratná kauce 59 600 Kč, odměna zprostředkovatele 29 800 Kč"
2026-02-26,1576493900,Pronájem bytu 1+kk 51 m² (Jednopodlažní),"Břežánecká, Praha 5 - Jinonice",Praha 5,Jinonice,19500,51,1+kk,1. podlaží z celkem 5,Cihlová,Velmi dobrý,True,True,,49,Třída C - Úsporná,Osobní,,,,Ústřední dálkové,Jednopodlažní,"plus   zálohy na služby, elektrika, internet, kauce, provize RK"
2026-02-26,4260848460,Pronájem bytu 3+kk 100 m² (Mezonet),"Milíčova, Praha 3 - Žižkov",Praha 3,Žižkov,49000,100,3+kk,5. podlaží,Cihlová,Po rekonstrukci,True,True,,,Třída G - Mimořádně nehospodárná,Družstevní,1,2,,,Mezonet,+ Poplatky viz text
2026-02-26,1140286284,Pronájem bytu 2+kk 47 m²,"Čenětická, Praha 4 - Chodov",Praha 4,Chodov,25500,47,2+kk,7. podlaží,Cihlová,Dobrý,True,True,,,Třída G - Mimořádně nehospodárná,Osobní,True,True,,,,+ Poplatky viz text
2026-02-26,2818007884,Pronájem bytu 2+kk 55 m²,"Na Větrníku, Praha 6 - Břevnov",Praha 6,Břevnov,22500,55,2+kk,2. podlaží z celkem 5,Cihlová,Novostavba,True,True,,,Třída C - Úsporná,Osobní,,,,Lokální elektrické,,"vratná jistota, náklady na bydlení 5213 Kč, poplatek za podnájem"
2026-02-26,1173840716,Pronájem bytu 1+kk 35 m²,"Sazovická, Praha 5 - Zličín",Praha 5,Zličín,17500,35,1+kk,1. podlaží z celkem 6 včetně 1 podzemního,Cihlová,Velmi dobrý,False,True,,,Třída C - Úsporná č. 264/2020 Sb. podle vyhlášky,Osobní,,4,,,,+ 1. 588 Kč zálohy na poplatky/1 os. + cca 800 Kč/2. os. + elektřina v bytě 760 Kč + vratná kauce 17. 500 Kč + provize RK jeden nájem
2026-02-26,3689374540,Pronájem bytu 3+kk 61 m²,"Kotorská, Praha 4 - Nusle",Praha 4,Nusle,25000,61,3+kk,11. podlaží,Panelová,Velmi dobrý,True,True,,,Třída D - Méně úsporná č. 78/2013 Sb. podle vyhlášky,Osobní,,,7,,,"bez poplatků, + provize RK, včetně právního servisu"
2026-02-26,971465548,Pronájem bytu 1+kk 19 m² (Podkrovní),"Sokolská, Praha 2 - Nové Město",Praha 2,Nové Město,19500,19,1+kk,6. podlaží z celkem 6,Smíšená,Po rekonstrukci,True,True,,,,Osobní,,True,,Ústřední dálkové,Podkrovní,Poplatky: 2 000 Kč + elektřina bude převedena na nájemníka
2026-02-26,2682741580,Pronájem bytu 2+kk 42 m²,"Jana Želivského, Praha 3 - Žižkov",Praha 3,Žižkov,19000,42,2+kk,1. podlaží z celkem 5,Cihlová,Velmi dobrý,Částečně,True,,,Třída E - Nehospodárná,Osobní,,,,Lokální elektrické,,1050kč za osobu + elektřina 2500kč
2026-02-26,1785623372,Pronájem bytu 1+kk 17 m² (Jednopodlažní),"Na Zlíchově, Praha 5 - Hlubočepy",Praha 5,Hlubočepy,11000,17,1+kk,1. podlaží,Cihlová,Velmi dobrý,,,,,,Osobní,,,,,Jednopodlažní,
2026-02-26,3437716300,Pronájem bytu 1+1 47 m²,"Svornosti, Praha 5 - Smíchov",Praha 5,Smíchov,21000,47,1+1,4. podlaží z celkem 5 včetně 1 podzemního,Cihlová,Po rekonstrukci,,,,,Třída G - Mimořádně nehospodárná,Osobní,,,,,,"+ služby 4500,- Kč, kauce a provize RK"
2026-02-26,501703500,Pronájem bytu 4+kk 95 m²,"Marie Cibulkové, Praha - Nusle",,,44500,95,4+kk,1. podlaží z celkem 5,Cihlová,Velmi dobrý,True,True,,,Třída G - Mimořádně nehospodárná,Osobní,,,,,,+ služby + energie + kauce + provize RK
2026-02-26,2380751692,Pronájem bytu 4+1 160 m²,"Anny Letenské, Praha 2 - Vinohrady",Praha 2,Vinohrady,62500,160,4+1,2. podlaží z celkem 5,Cihlová,Velmi dobrý,False,True,,,Třída G - Mimořádně nehospodárná,Osobní,,,,,,+ poplatky
2026-02-26,1994482508,Pronájem bytu 2+kk 48 m²,"Divišovská, Praha 4 - Chodov",Praha 4,Chodov,23000,48,2+kk,5. podlaží z celkem 6,Panelová,Velmi dobrý,True,True,,4,Třída G - Mimořádně nehospodárná č. 264/2020 Sb. podle vyhlášky,Družstevní,,,,,,"+ zálohy na služby 3.500,- Kč/1 os., 4.000,- Kč/2 os. + vratná kauce ve výši 2 nájmů + poplatek RK"
2026-02-26,1813472076,Pronájem bytu 3+kk 51 m²,"Na Šutce, Praha 8 - Troja",Praha 8,Troja,23999,51,3+kk,3. podlaží z celkem 4 včetně 1 podzemního,Cihlová,Po rekonstrukci,Částečně,,,,Třída G - Mimořádně nehospodárná č. 264/2020 Sb. podle vyhlášky,Osobní,,7,3,,,vratná kauce 2 měsíční platby
2026-02-26,3263193932,Pronájem bytu 2+1 50 m² (Jednopodlažní),"Konšelská, Praha 8 - Libeň",Praha 8,Libeň,22000,50,2+1,3. podlaží,Cihlová,Po rekonstrukci,Částečně,False,,,Třída D - Méně úsporná č. 264/2020 Sb. podle vyhlášky,Osobní,,3,,,Jednopodlažní,
2026-02-26,2635555660,Pronájem bytu 2+1 65 m²,"Americká, Praha 2 - Vinohrady",Praha 2,Vinohrady,27000,65,2+1,1. podlaží z celkem 5,Cihlová,Po rekonstrukci,Částečně,,,,Třída C - Úsporná č. 264/2020 Sb. podle vyhlášky,Osobní,,,,,,", 5200 Kč poplatky a energie "
2026-02-26,3004654412,Pronájem bytu 1+kk 33 m² (Jednopodlažní),Praha 3,Praha 3,,24000,33,1+kk,3. podlaží,Cihlová,Novostavba,,,,10,Třída B - Velmi úsporná,Osobní,,,,,Jednopodlažní,
2026-02-26,370631500,Pronájem bytu 1+kk 38 m²,"Modenská, Praha - Horní Měcholupy",,,15000,38,1+kk,1. podlaží,Smíšená,Novostavba,,,True,,,Osobní,,True,,,,
2026-02-26,4095173452,Pronájem bytu 3+kk 82 m² (Jednopodlažní),"Bouřilova, Praha 9 - Černý Most",Praha 9,Černý Most,25000,82,3+kk,4. podlaží,Panelová,Velmi dobrý,,,,,,Osobní,,3,3,,Jednopodlažní,
2026-02-26,2567398220,Pronájem bytu 1+kk 35 m²,"Sdružení, Praha 4 - Nusle",Praha 4,Nusle,13500,35,1+kk,1. podlaží z celkem 4,Cihlová,Po rekonstrukci,,,,,,Osobní,,,,,,"+ poplatky 700,-Kč/osoba, převod elektřiny, kauce, provize"
2026-02-26,1577542476,Pronájem bytu 2+kk 46 m²,Praha 7 - Libeň,Praha 7,Libeň,27000,46,2+kk,2. podlaží z celkem 4,Cihlová,Velmi dobrý,True,True,,,Třída G - Mimořádně nehospodárná č. 148/2007 Sb. podle vyhlášky,Osobní,True,,,"Lokální elektrické, Jiné",,"27 000 Kč nájem, 50 000 Kč kauce, záloha el. 3 000 Kč, voda 1 400 Kč, Provize RK 27 000 Kč."
2026-02-26,2399626060,Pronájem bytu 3+1 85 m²,"Estonská, Praha 10 - Vršovice",Praha 10,Vršovice,33000,85,3+1,3. podlaží z celkem 4,Cihlová,Velmi dobrý,,,4,,Třída G - Mimořádně nehospodárná č. 264/2020 Sb. podle vyhlášky,Osobní,,,,,,Včetně všech služeb RK
2026-02-26,1023894348,Pronájem bytu 2+kk 71 m²,"Grafická, Praha 5 - Smíchov",Praha 5,Smíchov,34000,71,2+kk,6. podlaží,Smíšená,Novostavba,False,True,True,,Třída B - Velmi úsporná č. 78/2013 Sb. podle vyhlášky,Osobní,,True,,,,+ Poplatky viz text
2026-02-26,1560765260,Pronájem bytu 2+kk 57 m²,"V Dolině, Praha 10 - Michle",Praha 10,Michle,24900,57,2+kk,11. podlaží z celkem 12,Cihlová,Novostavba,Částečně,True,8,,Třída C - Úsporná č. 264/2020 Sb. podle vyhlášky,Osobní,,5,,,,
2026-02-26,3808912204,Pronájem bytu 4+kk 115 m² (Jednopodlažní),Praha 3,Praha 3,,65000,115,4+kk,10. podlaží,Cihlová,Novostavba,,,,34,Třída B - Velmi úsporná,Osobní,,,,,Jednopodlažní,
2026-02-26,2576425804,Pronájem bytu 2+kk 51 m²,"Sluneční náměstí, Praha 5 - Stodůlky",Praha 5,Stodůlky,20490,51,2+kk,8. podlaží z celkem 9,Smíšená,Dobrý,Částečně,True,,,Třída G - Mimořádně nehospodárná,Družstevní,,,,,,"+ poplatky 3.686 Kč/měsíc/1 os. (každá další osoba za příplatek) + elektřina, která bude převedena na nájemníka"
2026-02-26,1963418444,Pronájem bytu 3+1 113 m²,"Na ovčinách, Praha 7 - Holešovice",Praha 7,Holešovice,40000,113,3+1,2. podlaží,Cihlová,Velmi dobrý,,True,,,Třída G - Mimořádně nehospodárná,Osobní,,,,,,
2026-02-26,4197933900,Pronájem bytu 2+kk 55 m² (Jednopodlažní),"Naskové, Praha 5 - Košíře",Praha 5,Košíře,25000,55,2+kk,3. podlaží z celkem 7,Cihlová,Velmi dobrý,,True,,,Třída B - Velmi úsporná č. 264/2020 Sb. podle vyhlášky,Osobní,,3,8,,Jednopodlažní,
2026-02-26,12530508,Pronájem bytu 4+kk 114 m²,"Zakšínská, Praha 9 - Střížkov",Praha 9,Střížkov,50000,114,4+kk,5. podlaží z celkem 5,Panelová,Novostavba,False,True,,26,Třída B - Velmi úsporná č. 264/2020 Sb. podle vyhlášky,Osobní,,,6,,,+ 10.500 Kč měsíčně za poplatky. Vratná kauce činí 121.000 Kč.
2026-02-26,3677840204,Pronájem bytu 2+1 66 m² (Jednopodlažní),"U lesíka, Praha 5 - Košíře",Praha 5,Košíře,29000,66,2+1,3. podlaží,Cihlová,Po rekonstrukci,,,,,Třída G - Mimořádně nehospodárná,Osobní,2,20,,,Jednopodlažní,
2026-02-26,959931212,Pronájem bytu 2+kk 48 m²,"Pod Klamovkou, Praha 5 - Košíře",Praha 5,Košíře,20000,48,2+kk,6. podlaží z celkem 7,Skeletová,Novostavba,,True,True,,Třída C - Úsporná,Osobní,True,,,,,Čistý nájem bez provozních poplatků.
2026-02-26,2838979404,Pronájem bytu 1+1 51 m²,"U Vinohradské nemocnice, Praha 3 - Vinohrady",Praha 3,Vinohrady,18700,51,1+1,3. podlaží z celkem 6 včetně 1 podzemního,Cihlová,Velmi dobrý,False,True,True,,Třída C - Úsporná č. 264/2020 Sb. podle vyhlášky,Osobní,,,,Ústřední dálkové,,"+ měsíční poplatky 3.831,-Kč + el. a plyn 1.150,-Kč"
2026-02-26,204956492,Pronájem bytu 2+kk 45 m²,"Kubišova, Praha 8 - Libeň",Praha 8,Libeň,23500,45,2+kk,2. podlaží z celkem 1,Cihlová,Novostavba,False,,,,Třída G - Mimořádně nehospodárná č. 148/2007 Sb. podle vyhlášky,Osobní,,,,,,
2026-02-26,4080493388,Pronájem bytu 1+kk 35 m² (Jednopodlažní),"Za Pískovnou, Praha - Dolní Chabry",,,19500,35,1+kk,3. podlaží z celkem 4 včetně 1 podzemního,Cihlová,Dobrý,Částečně,True,3,,Třída B - Velmi úsporná,Osobní,,,,,Jednopodlažní,"Cena celkem vč. služeb (elektřina, voda, teplo, internet atd.) 23.200,-/měsíc"
2026-02-26,2956419916,Pronájem bytu 2+1 75 m²,"Úvoz, Praha 1 - Hradčany",Praha 1,Hradčany,35000,75,2+1,1. podlaží z celkem 6,Cihlová,Velmi dobrý,False,,,,Třída G - Mimořádně nehospodárná č. 148/2007 Sb. podle vyhlášky,Osobní,,,,,,"+ poplatky 6 000 Kč vč energií, kauce 1 měs"
2026-02-26,104293196,Pronájem bytu 3+kk 93 m² (Jednopodlažní),Praha 3,Praha 3,,45000,93,3+kk,6. podlaží,Cihlová,Novostavba,,,,42,Třída B - Velmi úsporná,Osobní,,,,,Jednopodlažní,
2026-02-26,3123143500,Pronájem bytu 1+1 52 m²,"náměstí 14. října, Praha 5 - Smíchov",Praha 5,Smíchov,21990,52,1+1,6. podlaží z celkem 6,Cihlová,Velmi dobrý,True,False,,True,Třída G - Mimořádně nehospodárná,Osobní,,,,,,+ poplatky 3.238 Kč měsíčně / 1 os + elektřina se přepisuje na podnájemníka
2026-02-26,942105420,Pronájem bytu 1+kk 38 m² (Jednopodlažní),"Bělohorská, Praha 6 - Břevnov",Praha 6,Břevnov,17800,38,1+kk,1. podlaží,Cihlová,Dobrý,,,,,,Osobní,,4,,,Jednopodlažní,
2026-02-26,3643237196,Pronájem bytu 2+kk 52 m²,"Na Žertvách, Praha - Libeň",,,17000,52,2+kk,1. podlaží,Cihlová,Po rekonstrukci,,,,,,Osobní,,,,,,+ kauce a provize
2026-02-26,254239564,Pronájem bytu 3+kk 86 m²,"Hábova, Praha 5 - Stodůlky",Praha 5,Stodůlky,32990,86,3+kk,5. podlaží z celkem 12,Cihlová,Novostavba,False,True,True,,Třída B - Velmi úsporná č. 264/2020 Sb. podle vyhlášky,Osobní,1,True,,,,"+ poplatky 5.751Kč/měsíc/3 os. (každá další osoba za příplatek) + elektřina, která bude převedena na nájemníka"
2026-02-26,757556044,Pronájem bytu 3+kk 63 m²,"Dobrovolného, Praha 9 - Černý Most",Praha 9,Černý Most,25000,63,3+kk,5. podlaží z celkem 5,Cihlová,Novostavba,,,3,,,Osobní,True,,,Ústřední dálkové,,plus poplatky za služby
2026-02-26,3978781516,Pronájem bytu 2+kk 58 m²,"Ke Klimentce, Praha 5 - Smíchov",Praha 5,Smíchov,23000,58,2+kk,3. podlaží,Cihlová,Velmi dobrý,True,True,True,,Třída G - Mimořádně nehospodárná,Osobní,,,,,,"+ poplatky 4000,-Kč , elektřina převod na nájemníka, kauce, bez poplatků, + provize RK"
2026-02-26,1881629516,Pronájem bytu 2+kk 57 m²,"Rižská, Praha 10 - Hostivař",Praha 10,Hostivař,22000,57,2+kk,4. podlaží z celkem 6,Cihlová,Novostavba,True,True,5,,Třída B - Velmi úsporná,Osobní,1,2,,Ústřední dálkové,,"+ popl. cca 5000,-Kč, ele. energie na nájemce"
2026-02-26,3092734796,Pronájem bytu 1+kk 32 m² (Jednopodlažní),"Poděbradská, Praha 9 - Hloubětín",Praha 9,Hloubětín,18900,32,1+kk,3. podlaží,Cihlová,Novostavba,,,4,,Třída B - Velmi úsporná,Osobní,,,,,Jednopodlažní,+ poplatky 3000 Kč/měs.
2026-02-26,693592908,Pronájem bytu 1+kk 33 m²,"Poděbradská, Praha 9 - Hloubětín",Praha 9,Hloubětín,18500,33,1+kk,3. podlaží z celkem 5,Cihlová,Novostavba,,True,6,,Třída B - Velmi úsporná,Osobní,,True,,Ústřední plynové,,"+ popl. cca 2.500,-Kč, energie na nájemce."
2026-02-26,368141132,Pronájem bytu 1+1 35 m²,"Výchozí, Praha 4 - Podolí",Praha 4,Podolí,18000,35,1+1,4. podlaží z celkem 5,Cihlová,Velmi dobrý,,False,,,,Osobní,,1,,,,"+ poplatky 4.600,- (komplet)"
2026-02-26,1566008140,Pronájem bytu 1+1 26 m²,"Ronkova, Praha 8 - Libeň",Praha 8,Libeň,13490,26,1+1,3. podlaží,Cihlová,Velmi dobrý,Částečně,False,,,Třída C - Úsporná č. 264/2020 Sb. podle vyhlášky,Osobní,,True,,Lokální elektrické,,služby 800 + převod elektroměru + kauce 1x nájem + provize 1x nájem
2026-02-26,5727052,Pronájem bytu 2+kk 41 m²,"Jagellonská, Praha 3 - Vinohrady",Praha 3,Vinohrady,21500,41,2+kk,5. podlaží z celkem 5,Cihlová,Velmi dobrý,,,,,Třída G - Mimořádně nehospodárná č. 148/2007 Sb. podle vyhlášky,Osobní,,,,,,
2026-02-26,290939724,Pronájem bytu 2+kk 49 m² (Jednopodlažní),"Starokošířská, Praha 5 - Košíře",Praha 5,Košíře,24500,49,2+kk,2. podlaží,Skeletová,Velmi dobrý,Částečně,True,,36,Třída C - Úsporná č. 148/2007 Sb. podle vyhlášky,Osobní,1,6,,,Jednopodlažní,"měsíční nájem 24.500,-Kč, měsíční nájem za garáž 2.900,-Kč + zálohy za služby 4200,-Kč + elektřina"
2026-02-26,1633117004,Pronájem bytu 3+1 84 m²,"Tenisová, Praha 10 - Hostivař",Praha 10,Hostivař,22000,84,3+1,2. podlaží z celkem 6 včetně 1 podzemního,Panelová,Dobrý,Částečně,True,,,Třída C - Úsporná č. 264/2020 Sb. podle vyhlášky,Osobní,,2,5,,,+ záloha na služby a energie
2026-02-26,1163354956,Pronájem bytu 3+kk 85 m²,"Lužická, Praha 2 - Vinohrady",Praha 2,Vinohrady,32000,85,3+kk,3. podlaží z celkem 5,Cihlová,Po rekonstrukci,False,,,,Třída G - Mimořádně nehospodárná č. 148/2007 Sb. podle vyhlášky,Osobní,,,,,,"+ 1.800 služby, elektřina se převádí na nájemce (záloha 3.000), vratná kauce 45.000"
2026-02-26,793207628,Pronájem bytu 2+1 62 m²,"Za papírnou, Praha - Holešovice",,,23000,62,2+1,5. podlaží z celkem 5,Cihlová,Velmi dobrý,Částečně,False,,,Třída G - Mimořádně nehospodárná č. 148/2007 Sb. podle vyhlášky,Osobní,,,,Lokální plynové,,"+ energie, jistota a provize RK."
2026-02-26,608658252,Pronájem bytu 1+1 36 m²,"Záhřebská, Praha 2 - Vinohrady",Praha 2,Vinohrady,24200,36,1+1,1. podlaží,Cihlová,Velmi dobrý,True,True,,,Třída G - Mimořádně nehospodárná,Osobní,,,,,,+ Poplatky viz text
2026-02-26,1786209100,Pronájem bytu 2+kk 47 m²,"Bassova, Praha 9 - Vysočany",Praha 9,Vysočany,18700,47,2+kk,4. podlaží,Cihlová,Dobrý,False,False,,,Třída G - Mimořádně nehospodárná,Osobní,,True,,,,+ poplatky: viz text
2026-02-26,3665257292,Pronájem bytu 1+1 52 m²,"V Horkách, Praha 4 - Nusle",Praha 4,Nusle,19000,52,1+1,4. podlaží z celkem 7,Cihlová,Velmi dobrý,True,True,,,,Osobní,,True,,Lokální plynové,,"vratná jistota, náklady na bydlení 4.319 Kč, poplatek za podnájem"
2026-02-26,4168573772,Pronájem bytu 1+kk 30 m² (Jednopodlažní),"Sokolova, Praha 8 - Karlín",Praha 8,Karlín,19000,30,1+kk,2. podlaží z celkem 10 včetně 2 podzemních,Smíšená,Novostavba,False,True,,8,Třída B - Velmi úsporná č. 78/2013 Sb. podle vyhlášky,Osobní,,3,,,Jednopodlažní,
2026-02-26,1668768588,Pronájem bytu 1+1 47 m²,"Vokáčova, Praha 4 - Michle",Praha 4,Michle,18000,47,1+1,1. podlaží z celkem 4,Cihlová,Po rekonstrukci,False,False,,,Třída G - Mimořádně nehospodárná,Osobní,,True,,Lokální elektrické,,"+ zálohy na energie a služby 1.500,-Kč/měsíc, elektřina převedena na nájemce, kauce, provize"
2026-02-26,829907788,Pronájem bytu 3+kk 87 m² (Jednopodlažní),"Bělohorská, Praha - Praha 6",Praha 6,,44000,87,3+kk,1. podlaží z celkem 3 včetně 1 podzemního,Cihlová,Novostavba,False,True,,42,Třída G - Mimořádně nehospodárná,Osobní,,3,,,Jednopodlažní,"poplatky 4 500 Kč, kauce 88 000 Kč + provize RK"
2026-02-26,1500627788,Pronájem bytu 2+kk 43 m² (Jednopodlažní),"Líbalova, Praha - Chodov",,,21500,43,2+kk,5. podlaží z celkem 6 včetně 1 podzemního,Montovaná,Novostavba,Částečně,True,,,Třída B - Velmi úsporná č. 264/2020 Sb. podle vyhlášky,Osobní,,1,4,Ústřední dálkové,Jednopodlažní,
2026-02-26,2541183820,Pronájem bytu 1+kk 26 m²,"Lešenská, Praha 8 - Troja",Praha 8,Troja,16000,26,1+kk,6. podlaží z celkem 8,Panelová,Velmi dobrý,True,True,7,,Třída C - Úsporná č. 264/2020 Sb. podle vyhlášky,Osobní,,,,,,"+ zálohy na služby 2500 kč + elektřina (800 kč), vratná kauce 19500 kč, provize 18500 kč + DPH"
2026-02-26,3883361100,Pronájem bytu 1+kk 20 m²,"Vršovická, Praha 10 - Vršovice",Praha 10,Vršovice,16000,20,1+kk,4. podlaží z celkem 8,Cihlová,Po rekonstrukci,Částečně,True,,,Třída G - Mimořádně nehospodárná č. 148/2007 Sb. podle vyhlášky,Osobní,,,,,,
2026-02-26,229663564,Pronájem bytu 2+kk 50 m²,"Plickova, Praha 4 - Háje",Praha 4,Háje,19000,50,2+kk,11. podlaží z celkem 11,Panelová,Velmi dobrý,False,,,,Třída C - Úsporná,Osobní,,True,True,Jiné,,"+popl. 4000, +elektřina"
2026-02-26,1417110348,Pronájem bytu 3+1 80 m²,"Prosecká, Praha 8 - Libeň",Praha 8,Libeň,25000,80,3+1,4. podlaží z celkem 6,Cihlová,Velmi dobrý,Částečně,False,,,Třída G - Mimořádně nehospodárná č. 148/2007 Sb. podle vyhlášky,Osobní,,,,"Lokální plynové, Jiné",,
2026-02-26,3581371212,Pronájem bytu 2+kk 52 m²,"Slezská, Praha 3 - Vinohrady",Praha 3,Vinohrady,25000,52,2+kk,5. podlaží z celkem 7,Cihlová,Velmi dobrý,Částečně,,,,Třída G - Mimořádně nehospodárná č. 78/2013 Sb. podle vyhlášky,Osobní,,,,,,Plus zálohy na měsíční poplatky za služby 3.500 Kč (včetně energií a spotřeby plynu v bytě) +  Kauce ve výši 30.000 Kč.
2026-02-26,2053595980,Pronájem bytu 3+kk 61 m²,"Nad úžlabinou, Praha 10 - Malešice",Praha 10,Malešice,31000,61,3+kk,3. podlaží z celkem 22 včetně 2 podzemních,Cihlová,Novostavba,True,True,21,,Třída B - Velmi úsporná,Osobní,True,4,,Ústřední dálkové,,Poplatky 5 800 Kč + elektřina a internet
2026-02-26,3932644172,Pronájem bytu 1+kk 36 m²,"Klapálkova, Praha 4 - Chodov",Praha 4,Chodov,16900,36,1+kk,3. podlaží z celkem 6,Cihlová,Novostavba,False,True,,,Třída B - Velmi úsporná,Osobní,,True,,Ústřední plynové,,"služby 2500 Kč / 1 osoba, 2 osoby 3000 Kč + elektroměr"
2026-02-26,1835385676,Pronájem bytu 2+kk 40 m²,"Krejčího, Praha - Libeň",,,20000,40,2+kk,2. podlaží,Cihlová,Dobrý,,,,,,Osobní,,,,,,poplatky 1000 / 1 osobu + elektrika a plyn + kauce + provize rk
2026-02-26,3748094796,Pronájem bytu 1+1 50 m²,"Heydukova, Praha 8 - Libeň",Praha 8,Libeň,18000,50,1+1,2. podlaží z celkem 4,Cihlová,Velmi dobrý,False,,,,Třída G - Mimořádně nehospodárná,Osobní,1,,,,,"+ poplatky 1.500 Kč + el. (na vytápění, ohřev vody, vaření a svícení zhruba 3.500 Kč), kauce 25.000 Kč"
2026-02-26,2710659916,Pronájem bytu 2+kk 50 m² (Jednopodlažní),"Plzeňská, Praha 5 - Stodůlky",Praha 5,Stodůlky,19500,50,2+kk,5. podlaží z celkem 7,Montovaná,Novostavba,Částečně,True,,True,Třída B - Velmi úsporná č. 264/2020 Sb. podle vyhlášky,Osobní,,,,Ústřední dálkové,Jednopodlažní,"+ poplatky včetně vody a elektřiny/ 2 osoby/ 5.122,-Kč/ měsíc + vratná kauce"
2026-02-26,3966198604,Pronájem bytu 2+kk 39 m² (Jednopodlažní),"Pod Višňovkou, Praha 4 - Krč",Praha 4,Krč,21990,39,2+kk,2. podlaží z celkem 3,Cihlová,Velmi dobrý,Částečně,False,,,Třída G - Mimořádně nehospodárná č. 78/2013 Sb. podle vyhlášky,Osobní,,5,,Lokální plynové,Jednopodlažní,"+ 1 200,- Kč záloha na služby. Elektřina a plyn - přepis na nájemce"
2026-02-26,3815203660,Pronájem bytu 3+1 84 m²,"Sokolovská, Praha 9 - Libeň",Praha 9,Libeň,24000,84,3+1,7. podlaží z celkem 8,Cihlová,Dobrý,,True,2,,Třída G - Mimořádně nehospodárná,Osobní,,,,,,"+ poplatky 6.000,- Kč a převod elektřiny a plynu na nájemce"
2026-02-26,6775628,Pronájem bytu 2+1 60 m²,Praha 4,Praha 4,,24000,60,2+1,2. podlaží z celkem 4,Cihlová,Dobrý,Částečně,True,,,Třída G - Mimořádně nehospodárná,Osobní,,,,,,"Plus poplatky 6000 vcetne elektriny pro 2 osoby+kauce 50000, bez DPH, + provize RK"
2026-02-26,124216140,Pronájem bytu 3+kk 79 m²,"Jana Želivského, Praha 3 - Žižkov",Praha 3,Žižkov,25000,79,3+kk,5. podlaží z celkem 6,Cihlová,Po rekonstrukci,True,,,,Třída F - Velmi nehospodárná č. 78/2013 Sb. podle vyhlášky,Osobní,,,,,,"záloha na služby 2.500,- Kč, + kauce a provize RK"
2026-02-26,1029137228,Pronájem bytu 1+1 41 m²,"Plzeňská, Praha 5 - Smíchov",Praha 5,Smíchov,17990,41,1+1,1. podlaží,Cihlová,Velmi dobrý,True,False,True,True,Třída C - Úsporná č. 264/2020 Sb. podle vyhlášky,Osobní,,,True,Ústřední plynové,,"služby 800,- + převod elektroměru a plynoměru na své jméno + kauce + provize 1xnájem"
2026-02-26,3026674508,Pronájem bytu 2+1 47 m²,"Bozděchova, Praha 5 - Smíchov",Praha 5,Smíchov,17000,47,2+1,6. podlaží z celkem 7,Cihlová,Velmi dobrý,Částečně,True,,,Třída G - Mimořádně nehospodárná č. 264/2020 Sb. podle vyhlášky,Osobní,,,,,,+ zálohy na služby 4 500 Kč
2026-02-26,177234764,Pronájem bytu 2+kk 44 m²,"Hvězdova, Praha 4 - Nusle",Praha 4,Nusle,23990,44,2+kk,3. podlaží z celkem 12,Panelová,Po rekonstrukci,,True,,,Třída C - Úsporná č. 264/2020 Sb. podle vyhlášky,Osobní,,2,6,,,
2026-02-26,3901776716,Pronájem bytu 3+1 85 m² (Jednopodlažní),"Wassermannova, Praha 5 - Hlubočepy",Praha 5,Hlubočepy,29900,85,3+1,7. podlaží z celkem 12 včetně 1 podzemního,Panelová,Velmi dobrý,True,True,,,,Osobní,,,5,,Jednopodlažní,
2026-02-26,1502634828,Pronájem bytu 2+1 53 m²,"Sinkulova, Praha 4 - Podolí",Praha 4,Podolí,18000,53,2+1,4. podlaží z celkem 5,Cihlová,Dobrý,,True,,,Třída G - Mimořádně nehospodárná č. 264/2020 Sb. podle vyhlášky,Osobní,,,,,,"1.000,-Kč/1os - poplatky"
2026-02-26,4186989388,Pronájem bytu 2+kk 40 m²,"Nekvasilova, Praha 8 - Karlín",Praha 8,Karlín,21000,40,2+kk,7. podlaží z celkem 8,Panelová,Velmi dobrý,Částečně,True,True,,Třída G - Mimořádně nehospodárná,Osobní,,True,,Ústřední dálkové,,"vratná jistota, náklady na bydlení 5 400 Kč, poplatek za podnájem"
2026-02-26,1016095564,Pronájem bytu 3+kk 87 m²,"Velká skála, Praha 8 - Troja",Praha 8,Troja,27000,87,3+kk,5. podlaží z celkem 6,Cihlová,Dobrý,,True,,,Třída G - Mimořádně nehospodárná,Osobní,,,8,Ústřední dálkové,,"+ služby ve výši 6.500,-Kč + internet 559,-Kč + převod el.energie na nájemce"
2026-02-26,210789196,Pronájem bytu 1+kk 26 m²,"Orelská, Praha 10 - Vršovice",Praha 10,Vršovice,13900,26,1+kk,2. podlaží z celkem 7,Cihlová,Velmi dobrý,,True,,,Třída G - Mimořádně nehospodárná,Osobní,,,,Lokální elektrické,,"+ popl. 900,-Kč/osoba + převod el.energie na nájemce"
2026-02-26,496001868,Pronájem bytu 2+kk 42 m²,"Anežky Malé, Praha 4 - Háje",Praha 4,Háje,18000,42,2+kk,10. podlaží z celkem 12,Panelová,Velmi dobrý,,True,,,Třída D - Méně úsporná č. 264/2020 Sb. podle vyhlášky,Družstevní,,,,,,"Zúčtovatelné poplatky ve výši 3.500,-Kč + plyn a elektřina na nájemce"
2026-02-26,1667326796,Pronájem bytu 2+1 78 m² (Mezonet),"Na usedlosti, Praha 4 - Braník",Praha 4,Braník,29900,78,2+1,2. podlaží z celkem 3,Cihlová,Po rekonstrukci,Částečně,,,,,Osobní,,2,,Lokální plynové,Mezonet,
2026-02-26,2744148812,Pronájem bytu 2+kk 53 m²,"Vyšehradská, Praha 2 - Nové Město",Praha 2,Nové Město,27838,53,2+kk,2. podlaží z celkem 5 včetně 2 podzemních,Smíšená,Novostavba,False,True,4,,Třída B - Velmi úsporná č. 264/2020 Sb. podle vyhlášky,Osobní,,,,,,
2026-02-26,277898060,Pronájem bytu 3+kk 85 m²,"Stehlíkova, Praha 6 - Suchdol",Praha 6,Suchdol,30000,85,3+kk,2. podlaží z celkem 3,Cihlová,Dobrý,Částečně,,6,,Třída B - Velmi úsporná č. 264/2020 Sb. podle vyhlášky,Osobní,1,2,,Ústřední dálkové,,+ poplatky 4600 + el
2026-02-26,2156946252,Pronájem bytu 3+kk 81 m²,"Hornoměcholupská, Praha 10 - Horní Měcholupy",Praha 10,Horní Měcholupy,38000,81,3+kk,13. podlaží z celkem 13 včetně 1 podzemního,Cihlová,Velmi dobrý,Částečně,True,17,,Třída C - Úsporná č. 264/2020 Sb. podle vyhlášky,Osobní,,2,8,,,
2026-02-26,3331351372,Pronájem bytu 2+1 73 m² (Jednopodlažní),"U Průhonu, Praha 7 - Holešovice",Praha 7,Holešovice,29000,73,2+1,3. podlaží z celkem 5 včetně 1 podzemního,Cihlová,Po rekonstrukci,Částečně,True,,,Třída G - Mimořádně nehospodárná,Osobní,,True,,,Jednopodlažní,"Neplatíte provizi realitní kanceláři., včetně právního servisu"
2026-02-26,613442380,Pronájem bytu 1+kk 40 m²,"Strančická, Praha 10 - Strašnice",Praha 10,Strašnice,22500,40,1+kk,1. podlaží,Cihlová,Novostavba,,False,True,,Třída B - Velmi úsporná,Osobní,,,,,,
2026-02-26,1770021708,Pronájem bytu 2+kk 35 m²,"Písecká, Praha 3 - Vinohrady",Praha 3,Vinohrady,16900,35,2+kk,2. podlaží,Cihlová,Velmi dobrý,,,,,,Osobní,,,,,,
2026-02-26,3112198988,Pronájem bytu 2+kk 42 m²,"Hermanové, Praha - Hlubočepy",,,26000,42,2+kk,1. podlaží,Cihlová,Novostavba,,False,True,,Třída B - Velmi úsporná,Osobní,,,,,,
2026-02-26,3649069900,Pronájem bytu 3+1 75 m²,"Lamačova, Praha 5 - Hlubočepy",Praha 5,Hlubočepy,22000,75,3+1,4. podlaží z celkem 7,Panelová,Velmi dobrý,False,True,,,Třída D - Méně úsporná,Osobní,,2,7,,,
2026-02-26,2659214156,Pronájem bytu 3+kk 53 m²,"Lodžská, Praha 8 - Bohnice",Praha 8,Bohnice,22000,53,3+kk,4. podlaží,Panelová,Po rekonstrukci,Částečně,True,,,Třída G - Mimořádně nehospodárná,Osobní,,,True,,,
2026-02-26,545284940,Pronájem bytu 3+kk 51 m²,"Pernického, Praha 9 - Letňany",Praha 9,Letňany,29500,51,3+kk,1. podlaží z celkem 8,Smíšená,Po rekonstrukci,,True,,,Třída B - Velmi úsporná č. 264/2020 Sb. podle vyhlášky,Osobní,,,,,,"3500 Kč + elektřina se přepisuje , 3500 +  elektřina se přepisuje "
2026-02-26,1719690060,Pronájem bytu 2+kk 46 m²,"Sevastopolská, Praha 10 - Vršovice",Praha 10,Vršovice,17990,46,2+kk,3. podlaží z celkem 5,Cihlová,Velmi dobrý,Částečně,True,,,Třída G - Mimořádně nehospodárná,Osobní,True,,,,,Záloha služby 1000/osoba. Elektřina převodem záloha cca 2000/byt.
2026-02-26,2256560972,Pronájem bytu 1+kk 40 m²,"Trojská, Praha 7 - Troja",Praha 7,Troja,22000,40,1+kk,2. podlaží z celkem 4,Cihlová,Velmi dobrý,,,True,,,Osobní,,3,,,,
2026-02-26,3296748364,Pronájem bytu 3+kk 82 m² (Jednopodlažní),"Dědinova, Praha 4 - Chodov",Praha 4,Chodov,32000,82,3+kk,5. podlaží z celkem 8 včetně 1 podzemního,Panelová,Po rekonstrukci,False,True,,,Třída B - Velmi úsporná č. 264/2020 Sb. podle vyhlášky,Osobní,,3,7,,Jednopodlažní,"nájemné + cca 4000,- Kč poplatky + elektřina na nájemce (cca 1200,- Kč)"
2026-02-26,3937428300,Pronájem bytu 1+kk 35 m²,"Moravcových, Praha 9 - Vysočany",Praha 9,Vysočany,18000,35,1+kk,2. podlaží z celkem 6,Cihlová,Velmi dobrý,False,True,3,,Třída G - Mimořádně nehospodárná č. 264/2020 Sb. podle vyhlášky,Osobní,,2,,,,"+ 2.479,- poplatky + 660,- elektřina (převod na nájemce)"
2026-02-26,2511364940,Pronájem bytu 3+1 96 m² (Jednopodlažní),"Pod Viktorkou, Praha 10 - Strašnice",Praha 10,Strašnice,31000,96,3+1,1. podlaží z celkem 3,Cihlová,Velmi dobrý,False,,,,,Osobní,,,7,Ústřední plynové,Jednopodlažní,
2026-02-26,1506267980,Pronájem bytu 1+kk 28 m²,"Veletržní, Praha 7 - Bubeneč",Praha 7,Bubeneč,24100,28,1+kk,3. podlaží,Smíšená,Velmi dobrý,True,True,,,Třída G - Mimořádně nehospodárná,Osobní,,,,,,Poplatky za služby + provize 1 měsíční nájem plus 21 % DPH + vratná záloha ve výši 1 měsíčního nájmu.
2026-02-26,3785384780,Pronájem bytu 2+kk 63 m² (Jednopodlažní),"Petržílkova, Praha - Stodůlky",,,23000,63,2+kk,4. podlaží,Smíšená,Velmi dobrý,,,6,,Třída B - Velmi úsporná,Osobní,1,2,,,Jednopodlažní,Cena za nájem bytu. Možno pronajmout garážové stání
2026-02-26,1151361868,Pronájem bytu 3+1 58 m² (Jednopodlažní),"Lohniského, Praha 5 - Hlubočepy",Praha 5,Hlubočepy,25000,58,3+1,3. podlaží z celkem 8 včetně 1 podzemního,Panelová,Velmi dobrý,True,True,,,Třída D - Méně úsporná č. 264/2020 Sb. podle vyhlášky,Osobní,,2,5,,Jednopodlažní,
2026-02-26,4120929100,Pronájem bytu 2+1 61 m²,"Počernická, Praha 10 - Malešice",Praha 10,Malešice,24000,61,2+1,3. podlaží z celkem 20 včetně 1 podzemního,Cihlová,Velmi dobrý,Částečně,True,,,Třída C - Úsporná,Osobní,,,True,,,"poplatky 4.900, Kč, + elektřina , Kauce 30.000, Kč, Provize RK 29.000, Kč"
2026-02-26,147874636,Pronájem bytu 2+1 40 m²,"Písečná, Praha 8 - Troja",Praha 8,Troja,20000,40,2+1,3. podlaží,Panelová,Velmi dobrý,,True,,,Třída G - Mimořádně nehospodárná č. 264/2020 Sb. podle vyhlášky,Osobní,,,,Ústřední dálkové,,poplatky 2 365 Kč + elektřina 1000 Kč + plyn 300 Kč
2026-02-26,785408844,Pronájem bytu 3+1 68 m²,"Jablonecká, Praha 9 - Prosek",Praha 9,Prosek,25000,68,3+1,11. podlaží z celkem 11,Panelová,Velmi dobrý,False,,,,Třída G - Mimořádně nehospodárná č. 264/2020 Sb. podle vyhlášky,Osobní,,,6,,,+ energie
2026-02-26,2211472204,Pronájem bytu 1+kk 29 m²,"Slavětínská, Praha 9 - Klánovice",Praha 9,Klánovice,10900,29,1+kk,přízemí,Cihlová,Dobrý,,,,,,Osobní,,,,,,"Poplatky dle osob + standard(  kauce 1 x nájem , odměna RK 1x nájem)"
2026-02-26,769680204,Pronájem bytu 1+kk 30 m² (Jednopodlažní),Praha 4 - Háje,Praha 4,Háje,16500,30,1+kk,7. podlaží z celkem 9,Panelová,Po rekonstrukci,Částečně,True,,,Třída B - Velmi úsporná č. 78/2013 Sb. podle vyhlášky,Osobní,,1,,Ústřední dálkové,Jednopodlažní,"+ služby 2.300,- Kč (1 os.)  nebo 2.800,- (2 os.) + elektrická energie (cca 1.000,- Kč, převádí se)"
2026-02-26,3747046220,Pronájem bytu 4+1 160 m²,"Anny Letenské, Praha 2 - Vinohrady",Praha 2,Vinohrady,62500,160,4+1,3. podlaží,Cihlová,Velmi dobrý,Částečně,True,,,Třída G - Mimořádně nehospodárná,Osobní,,,,,,Poplatky za služby a energie se hradí zvlášť.
2026-02-26,3400622924,Pronájem bytu 2+kk 50 m² (Jednopodlažní),"Dělnická, Praha 7 - Holešovice",Praha 7,Holešovice,22100,50,2+kk,3. podlaží z celkem 4,Cihlová,Dobrý,Částečně,True,,,Třída G - Mimořádně nehospodárná,Osobní,,,,,Jednopodlažní,
2026-02-26,2716951372,Pronájem bytu 1+1 44 m²,"Husitská, Praha",,,22000,44,1+1,2. podlaží,Cihlová,Velmi dobrý,,,,,,Osobní,,,,,,"1.600 Kč služby/zálohy (pro 2 osoby)
elektřina se přepisuje na nájemce"
2026-02-26,2012308300,Pronájem bytu 3+kk 56 m²,"Světova, Praha - Libeň",,,26000,56,3+kk,přízemí,Cihlová,Velmi dobrý,,,,,,Osobní,,,,,,elektřina se přepisuje na nájemce
2026-02-26,2767283020,Pronájem bytu 3+kk 72 m² (Jednopodlažní),"Střížkovská, Praha 8 - Střížkov",Praha 8,Střížkov,29500,72,3+kk,3. podlaží z celkem 5,Skeletová,Novostavba,,,,,Třída B - Velmi úsporná č. 264/2020 Sb. podle vyhlášky,Osobní,,,,,Jednopodlažní,
2026-02-26,719414092,Pronájem bytu 4+kk 109 m²,"Breitfeldova, Praha 8 - Karlín",Praha 8,Karlín,70000,109,4+kk,2. podlaží z celkem 9 včetně 1 podzemního,Smíšená,Novostavba,False,True,,,Třída B - Velmi úsporná,Osobní,2,True,6,,,"včt garážového stání a sklepa + poplatky 7 000 Kč včt el, kauce 2 měs"
2026-02-26,3537986380,Pronájem bytu 2+kk 43 m²,"Chotovická, Praha 8 - Kobylisy",Praha 8,Kobylisy,19500,43,2+kk,3. podlaží z celkem 5,Panelová,Velmi dobrý,Částečně,False,,,Třída B - Velmi úsporná č. 148/2007 Sb. podle vyhlášky,Osobní,,True,,Ústřední dálkové,,Majitelé požadují vratnou kauci ve výši dvou nájmů.
2026-02-26,3823199052,Pronájem bytu 3+kk 71 m²,"Soukenická, Praha 1 - Nové Město",Praha 1,Nové Město,35000,71,3+kk,3. podlaží z celkem 4,Cihlová,Velmi dobrý,Částečně,,,,Třída G - Mimořádně nehospodárná č. 264/2020 Sb. podle vyhlášky,Osobní,,,,,,
2026-02-26,789668684,Pronájem bytu 2+kk 39 m²,"Charkovská, Praha 10 - Vršovice",Praha 10,Vršovice,20000,39,2+kk,2. podlaží z celkem 5,Cihlová,Velmi dobrý,,,,,Třída G - Mimořádně nehospodárná č. 264/2020 Sb. podle vyhlášky,Osobní,,,,,,
2026-02-26,1562911564,Pronájem bytu 2+kk 80 m² (Loft),"Naskové, Praha 5 - Košíře",Praha 5,Košíře,28500,80,2+kk,2. podlaží z celkem 5,Cihlová,Novostavba,Částečně,True,,,Třída B - Velmi úsporná č. 264/2020 Sb. podle vyhlášky,Osobní,,,5,,Loft,"zálohy na služby 6.575,- Kč + elektřina na nájemce, jistota 57.000,- Kč, provize 28.500,-"
2026-02-26,944857932,Pronájem bytu 2+kk 57 m²,"Tlumačovská, Praha 5 - Stodůlky",Praha 5,Stodůlky,21000,57,2+kk,10. podlaží z celkem 20,Cihlová,Novostavba,Částečně,True,,,Třída C - Úsporná,Osobní,1,3,,,,"+ poplatky 5600,Kč komplet"
2026-02-26,1766941516,Pronájem bytu 1+kk 40 m²,"Věšínova, Praha 10 - Strašnice",Praha 10,Strašnice,14500,40,1+kk,4. podlaží z celkem 5,Cihlová,Velmi dobrý,,,,,Třída C - Úsporná,Osobní,,,,Lokální elektrické,,"cena bez poplatků, 600Kč/os., převod elektřiny na nájemce"
2026-02-26,3645989708,Pronájem bytu 2+kk 46 m²,"Hlučkova, Praha 9 - Letňany",Praha 9,Letňany,24000,46,2+kk,2. podlaží z celkem 5,Cihlová,Novostavba,Částečně,True,7,,Třída G - Mimořádně nehospodárná č. 264/2020 Sb. podle vyhlášky,Osobní,,,,,,+ poplatky 4 500 Kč již včetně energií. Kauce 48 000 Kč + provize RK.
2026-02-26,1313956684,Pronájem bytu 3+kk 81 m²,"U jezera, Praha 5 - Stodůlky",Praha 5,Stodůlky,29990,81,3+kk,12. podlaží,Panelová,Dobrý,,,,,Třída A - Mimořádně úsporná č. 264/2020 Sb. podle vyhlášky,Osobní,,True,True,,,
2026-02-26,1599169356,Pronájem bytu 2+kk 57 m²,"Lounských, Praha 4 - Nusle",Praha 4,Nusle,19990,57,2+kk,3. podlaží z celkem 5,Cihlová,Velmi dobrý,Částečně,True,,,Třída G - Mimořádně nehospodárná,Osobní,True,,,,,"Záloha služby 1000/osoba, záloha ústřední topení 1000/byt. Elektřina převodem záloha cca 500/byt."
2026-02-26,2102485836,Pronájem bytu 2+kk 52 m²,"Mužíkova, Praha 4 - Nusle",Praha 4,Nusle,32000,52,2+kk,6. podlaží,Smíšená,Novostavba,False,True,,,Třída B - Velmi úsporná č. 78/2013 Sb. podle vyhlášky,Osobní,True,True,5,,,+ Poplatky viz text
2026-02-26,2185323340,Pronájem bytu 2+kk 70 m² (Mezonet),"Ovenecká, Praha 7 - Holešovice",Praha 7,Holešovice,30000,70,2+kk,6. podlaží z celkem 6 včetně 1 podzemního,Cihlová,Velmi dobrý,Částečně,True,,,Třída G - Mimořádně nehospodárná,Osobní,,,,,Mezonet,+ provize RK
2026-02-26,3342951244,Pronájem bytu 1+1 30 m²,"Toruňská, Praha 8 - Bohnice",Praha 8,Bohnice,14400,30,1+1,4. podlaží z celkem 7,Panelová,Velmi dobrý,True,False,True,,Třída G - Mimořádně nehospodárná,Osobní,,,True,Ústřední dálkové,,"vratná jistota  Kč, náklady na bydlení 3.000,-Kč poplatek za podnájem"
2026-02-26,625042252,Pronájem bytu 2+kk 58 m² (Jednopodlažní),"Prorektorská, Praha 10 - Malešice",Praha 10,Malešice,18500,58,2+kk,2. podlaží,Cihlová,Velmi dobrý,Částečně,True,5,,,Osobní,,,,,Jednopodlažní,
2026-02-26,3379651404,Pronájem bytu 3+kk 56 m²,"Svojšovická, Praha 4 - Záběhlice",Praha 4,Záběhlice,23990,56,3+kk,9. podlaží z celkem 9,Panelová,Po rekonstrukci,Částečně,True,,,Třída G - Mimořádně nehospodárná,Osobní,,,,,,+ poplatky 3.157 Kč měsíčně / 1 os + elektřina se přepisuje na podnájemníka
2026-02-26,1080124236,Pronájem bytu 3+kk 60 m²,"Hněvkovského, Praha 4 - Chodov",Praha 4,Chodov,24000,60,3+kk,4. podlaží z celkem 12,Panelová,Po rekonstrukci,False,True,,,Třída B - Velmi úsporná č. 264/2020 Sb. podle vyhlášky,Osobní,,2,3,,,+ poplatky 2 500 Kč + elektřina
2026-02-26,2173854540,Pronájem bytu 2+kk 43 m²,"U Staré plynárny, Praha 7 - Holešovice",Praha 7,Holešovice,22999,43,2+kk,2. podlaží z celkem 6,Cihlová,Velmi dobrý,False,,2,,Třída G - Mimořádně nehospodárná č. 264/2020 Sb. podle vyhlášky,Osobní,,3,,,,"+ poplatky za služby 1 500 Kč (1os), 1 800 Kč (2os) + elektřina a plyn na nájemce (1 000 Kč za elektřinu a 1 000 Kč za plyn). Kauce: 42 000 Kč + provi"
2026-02-26,2811388748,Pronájem bytu 2+kk 50 m²,"Seifertova, Praha 3 - Žižkov",Praha 3,Žižkov,23900,50,2+kk,4. podlaží z celkem 7 včetně 1 podzemního,Cihlová,Velmi dobrý,False,True,True,,Třída G - Mimořádně nehospodárná,Osobní,,True,,,,+ Poplatky 4 000 Kč + převod elektřiny
2026-02-26,2546492236,Pronájem bytu 2+kk 48 m² (Jednopodlažní),"Hasilova, Praha - Stodůlky",,,24000,48,2+kk,3. podlaží,Cihlová,Novostavba,,True,,5,Třída B - Velmi úsporná,Osobní,True,True,,,Jednopodlažní,
2026-02-26,630350668,Pronájem bytu 1+kk 33 m² (Jednopodlažní),"Klementova, Praha 5 - Stodůlky",Praha 5,Stodůlky,16500,33,1+kk,2. podlaží z celkem 7 včetně 1 podzemního,Cihlová,Velmi dobrý,Částečně,True,4,,Třída G - Mimořádně nehospodárná,Osobní,,,,Ústřední plynové,Jednopodlažní,5500kč poplatky+kauce 2nájmy +provize
2026-02-26,1410491212,Pronájem bytu 2+kk 69 m²,"Paříkova, Praha 9 - Vysočany",Praha 9,Vysočany,24000,69,2+kk,5. podlaží,Cihlová,Velmi dobrý,,,12,,,Osobní,,,,,,
2026-02-26,1522492236,Pronájem bytu 2+kk 59 m²,"Mánesova, Praha 2 - Vinohrady",Praha 2,Vinohrady,23900,59,2+kk,2. podlaží z celkem 5,Cihlová,Velmi dobrý,False,True,,,Třída E - Nehospodárná č. 264/2020 Sb. podle vyhlášky,Osobní,,,,,,Měsíční zálohy na poplatky jsou ve výši 800 Kč/osoba + plyn a elektřina v bytě se převádí na nájemníka + vratná kauce ve výši 23. 900 Kč + provize RK
2026-02-26,1089913676,Pronájem bytu 2+1 71 m²,"Helmova, Praha 1 - Nové Město",Praha 1,Nové Město,33000,71,2+1,3. podlaží,Cihlová,Dobrý,Částečně,,2,,Třída D - Méně úsporná,Družstevní,,,,,,
2026-02-26,797074252,Pronájem bytu 2+1 68 m²,Praha 3 - Žižkov,Praha 3,Žižkov,19990,68,2+1,8. podlaží z celkem 8,Panelová,Velmi dobrý,True,,,,Třída E - Nehospodárná,Státní/obecní,1,,,Jiné,,"Poplatky vč. energií jsou 3.000,-Kč + každá osoba 300,-Kč/ měsíc. Na začátku potřebujete 3x měsíční "
2026-02-26,3266470732,Pronájem bytu 2+kk 44 m²,"Kodaňská, Praha 10 - Vršovice",Praha 10,Vršovice,19500,44,2+kk,4. podlaží,Cihlová,Po rekonstrukci,False,True,,,,Osobní,,,,,,
2026-02-26,312959820,Pronájem bytu 1+kk 33 m² (Jednopodlažní),"Klementova, Praha 5 - Stodůlky",Praha 5,Stodůlky,16500,33,1+kk,2. podlaží z celkem 7 včetně 1 podzemního,Cihlová,Velmi dobrý,Částečně,True,4,,Třída G - Mimořádně nehospodárná,Osobní,,,,Ústřední plynové,Jednopodlažní,5500kč poplatky+kauce 2nájmy +provize
2026-02-26,1020420940,Pronájem bytu 2+kk 58 m² (Jednopodlažní),"Zlochova, Praha 4 - Modřany",Praha 4,Modřany,25000,58,2+kk,3. podlaží z celkem 7,Cihlová,Velmi dobrý,Částečně,True,7,30,Třída A - Mimořádně úsporná,Osobní,,7,,,Jednopodlažní,
2026-02-26,3721552716,Pronájem bytu 1+kk 24 m²,"Na Bělidle, Praha 5 - Smíchov",Praha 5,Smíchov,19000,24,1+kk,3. podlaží,Cihlová,Velmi dobrý,True,True,,,,Osobní,,True,,,,
2026-02-26,2161271628,Pronájem bytu 3+1 75 m²,"Cuřínova, Praha 4 - Kamýk",Praha 4,Kamýk,27800,75,3+1,1. podlaží z celkem 13,Panelová,Velmi dobrý,True,True,,,Třída G - Mimořádně nehospodárná č. 264/2020 Sb. podle vyhlášky,Osobní,,2,5,,,"Nájem + kauce, záloha na služby, nová smlouva na elektřinu a plyn, provize pro RK."
2026-02-26,448947020,Pronájem bytu 2+kk 53 m²,"Slatiňanská, Praha 9 - Horní Počernice",Praha 9,Horní Počernice,25000,53,2+kk,3. podlaží z celkem 3,Cihlová,Novostavba,,,,,Třída B - Velmi úsporná č. 78/2013 Sb. podle vyhlášky,Osobní,,,,,,+ Poplatky
2026-02-26,1791124300,Pronájem bytu 2+kk 53 m²,"Slatiňanská, Praha 9 - Horní Počernice",Praha 9,Horní Počernice,25000,53,2+kk,3. podlaží z celkem 3,Cihlová,Novostavba,,,,,Třída B - Velmi úsporná č. 78/2013 Sb. podle vyhlášky,Osobní,,,,,,+ Poplatky
2026-02-26,4226966348,Pronájem  pokoje 12 m²,"Pod věží, Praha 6 - Břevnov",Praha 6,Břevnov,9200,12,,2. podlaží z celkem 2,Cihlová,Velmi dobrý,True,False,2,,Třída G - Mimořádně nehospodárná,Osobní,,,,,,
2026-02-26,703750988,Pronájem bytu 2+kk 56 m²,"Plzákova, Praha 9 - Kbely",Praha 9,Kbely,24500,56,2+kk,4. podlaží,Cihlová,Velmi dobrý,,,,,,Osobní,1,2,11,,,
2026-02-26,2045928268,Pronájem bytu 3+kk 71 m²,Praha 1 - Nové Město,Praha 1,Nové Město,32000,71,3+kk,3. podlaží,Cihlová,Velmi dobrý,True,False,,,Třída G - Mimořádně nehospodárná,Osobní,,1,,,,"+ zálohy na služby 2400 kč + elektřinu a plyn, vratná kauce 3 000 kč, provize 20000 kč + DPH"
2026-02-26,479331148,Pronájem bytu 2+kk 91 m²,"Mánesova, Praha 2 - Vinohrady",Praha 2,Vinohrady,26000,91,2+kk,4. podlaží z celkem 5,Cihlová,Velmi dobrý,False,True,,,Třída D - Méně úsporná č. 264/2020 Sb. podle vyhlášky,Osobní,,,,Ústřední plynové,,Provize RK 1 nájem + DPH.
2026-02-26,2576835404,Pronájem bytu 3+1 110 m² (Jednopodlažní),"Chrudimská, Praha 3 - Vinohrady",Praha 3,Vinohrady,33000,110,3+1,4. podlaží z celkem 6,Cihlová,Velmi dobrý,Částečně,True,,,Třída G - Mimořádně nehospodárná,Osobní,,,,Lokální plynové,Jednopodlažní,"+ služby a ener dle spotřeby (7300,-Kč/měs. pro 3 osoby), kauce 35000 Kč, provize RK 33000 Kč"
2026-02-26,526869324,Pronájem bytu 4+kk 100 m² (Jednopodlažní),"Plzeňská, Praha 5 - Smíchov",Praha 5,Smíchov,39000,100,4+kk,2. podlaží z celkem 3,Cihlová,Po rekonstrukci,,,True,True,,Osobní,,,,,Jednopodlažní,
2026-02-26,1927766860,Pronájem bytu 1+kk 25 m²,"Na Pankráci, Praha 4 - Nusle",Praha 4,Nusle,13000,25,1+kk,-1. podlaží z celkem 5,Cihlová,Velmi dobrý,False,,,,Třída D - Méně úsporná,Osobní,,,,Jiné,,"+popl. 700, +elektřina"
2026-02-26,161506124,Pronájem bytu 2+1 65 m²,"Žalmanova, Praha 4 - Braník",Praha 4,Braník,20000,65,2+1,2. podlaží z celkem 4,Cihlová,Velmi dobrý,,False,True,,,Osobní,,,,,,"+ poplatky a elektřina dle spotřeby, cca celkem do 5000 Kč"
2026-02-26,1032217420,Pronájem bytu 2+kk 41 m²,"Vikova, Praha 4 - Krč",Praha 4,Krč,20400,41,2+kk,5. podlaží z celkem 8 včetně 1 podzemního,Panelová,Velmi dobrý,False,True,,,Třída G - Mimořádně nehospodárná č. 264/2020 Sb. podle vyhlášky,Osobní,,2,,,,"+ měsíční zálohy za poplatky 1 osoba/měsíc 1. 833 Kč, další osoba + 501 Kč + elektřina cca 900 Kč + vratná kauce 1 nájem + provize RK 1 nájem včetně D"
2026-02-26,2378589004,Pronájem bytu 1+kk 34 m²,"Fabiánové, Praha 5 - Hlubočepy",Praha 5,Hlubočepy,18500,34,1+kk,5. podlaží z celkem 9,Cihlová,Novostavba,,True,5,,Třída B - Velmi úsporná č. 264/2020 Sb. podle vyhlášky,Osobní,1,8,,,,+ Provize RK
